song_id, valence_mean, valence_std, arousal_mean, arousal_std
2,0.2205882352941176,0.94,0.2153846153846154,0.63
3,0.27941176470588236,1.75,0.2615384615384615,1.62
4,0.6029411764705882,1.42,0.6000000000000001,1.63
5,0.4117647058823529,2.01,0.5692307692307692,1.85
7,0.6176470588235293,1.47,0.7384615384615385,1.69
8,0.2352941176470588,1.4,0.49230769230769234,1.54
10,0.3529411764705882,1.67,0.476923076923077,1.85
12,0.5735294117647058,1.91,0.6461538461538462,1.89
13,0.2352941176470588,1.4,0.36923076923076925,1.67
17,0.4117647058823529,1.8,0.676923076923077,2.05
18,0.47058823529411753,1.72,0.3538461538461538,1.37
19,0.6323529411764706,1.64,0.41538461538461535,1.9
20,0.5588235294117647,2.5,0.7538461538461538,2.11
21,0.7352941176470587,0.92,0.7230769230769231,1.42
22,0.3529411764705882,1.34,0.49230769230769234,1.47
24,0.5441176470588235,1.62,0.3538461538461538,1.76
25,0.926470588235294,0.7,0.476923076923077,2.53
31,0.4558823529411764,1.55,0.3384615384615385,1.54
32,0.38235294117647056,1.78,0.2615384615384615,1.49
35,0.47058823529411753,2.14,0.7538461538461538,2.11
37,0.7352941176470587,2.11,0.5692307692307692,2.0
39,0.8382352941176469,1.85,0.5846153846153846,2.37
40,0.44117647058823517,1.28,0.49230769230769234,1.54
41,0.3970588235294117,1.62,0.5384615384615384,1.3
42,0.6617647058823528,1.58,0.5384615384615384,1.92
43,0.7499999999999999,2.33,0.2923076923076924,1.5
44,0.33823529411764697,1.04,0.5076923076923078,1.58
45,0.514705882352941,2.43,0.07692307692307693,1.37
46,0.5441176470588235,1.95,0.36923076923076925,1.73
47,0.4117647058823529,1.74,0.4307692307692308,1.56
48,0.42647058823529405,1.86,0.49230769230769234,1.78
49,0.33823529411764697,1.3,0.5692307692307692,1.19
50,0.2941176470588235,1.02,0.49230769230769234,1.08
51,0.2941176470588235,1.11,0.24615384615384617,0.98
52,0.44117647058823517,1.11,0.5384615384615384,1.81
53,0.3970588235294117,2.37,0.5384615384615384,1.7
54,0.2205882352941176,1.58,0.2615384615384615,1.62
55,0.6176470588235293,1.33,0.5846153846153846,1.11
56,0.7058823529411764,1.43,0.6461538461538462,1.4
58,0.24999999999999992,1.55,0.27692307692307694,1.56
59,0.5441176470588235,1.73,0.3846153846153846,1.92
60,0.3970588235294117,1.49,0.7384615384615385,0.49
62,0.676470588235294,0.87,0.3538461538461538,1.22
64,0.2941176470588235,1.28,0.5076923076923078,1.58
65,0.7058823529411764,1.43,0.6461538461538462,1.83
67,0.8235294117647057,0.75,0.8,1.4
68,0.32352941176470584,1.33,0.5076923076923078,1.64
69,0.2352941176470588,0.87,0.3538461538461538,0.83
70,0.4117647058823529,1.69,0.3076923076923077,1.43
71,0.6323529411764706,1.51,0.32307692307692315,0.78
72,0.7499999999999999,1.73,0.6153846153846154,2.01
73,0.6176470588235293,1.72,0.6153846153846154,1.74
74,0.20588235294117643,1.67,0.41538461538461535,1.42
76,0.3970588235294117,1.42,0.24615384615384617,1.83
77,0.38235294117647056,2.04,0.2,1.14
78,0.2647058823529411,1.56,0.3538461538461538,1.92
79,0.5735294117647058,2.11,0.6000000000000001,1.36
80,0.6470588235294117,1.34,0.5384615384615384,1.37
81,0.6617647058823528,1.92,0.3538461538461538,1.7
82,0.19117647058823525,1.45,0.2923076923076924,1.63
83,0.6617647058823528,1.04,0.6461538461538462,1.72
84,0.6323529411764706,2.02,0.6153846153846154,1.74
85,0.8088235294117646,1.14,0.7076923076923077,1.6
86,0.5588235294117647,1.62,0.6153846153846154,1.2
87,0.5441176470588235,2.45,0.15384615384615385,0.92
88,0.7499999999999999,1.73,0.6000000000000001,1.28
89,0.42647058823529405,2.29,0.49230769230769234,2.04
90,0.3970588235294117,1.73,0.4,1.72
91,0.42647058823529405,1.43,0.6000000000000001,1.2
92,0.6176470588235293,2.18,0.476923076923077,1.79
93,0.8235294117647057,0.75,0.676923076923077,1.73
95,0.24999999999999992,1.85,0.46153846153846156,2.2
96,0.764705882352941,1.33,0.8153846153846154,1.3
98,0.3970588235294117,1.73,0.16923076923076924,1.42
99,0.3970588235294117,1.85,0.3846153846153846,1.97
101,0.2647058823529411,1.62,0.18461538461538463,0.87
102,0.7205882352941175,0.92,0.5846153846153846,1.56
103,0.588235294117647,1.91,0.2615384615384615,1.79
104,0.6617647058823528,1.81,0.2615384615384615,1.79
105,0.7205882352941175,1.43,0.5230769230769231,1.41
106,0.44117647058823517,1.5,0.2615384615384615,1.19
107,0.6470588235294117,2.0,0.49230769230769234,2.14
108,0.42647058823529405,1.63,0.4,1.94
109,0.4117647058823529,2.24,0.4461538461538461,1.5
110,0.4117647058823529,1.8,0.18461538461538463,0.87
111,0.5441176470588235,1.27,0.5692307692307692,1.42
112,0.764705882352941,0.98,0.7384615384615385,1.56
113,0.5588235294117647,1.28,0.3384615384615385,0.87
114,0.47058823529411753,0.75,0.6307692307692309,0.9
115,0.9999999999999999,0.66,0.9538461538461538,1.17
116,0.4117647058823529,1.56,0.3538461538461538,1.22
117,0.33823529411764697,1.45,0.5230769230769231,1.73
118,0.4852941176470589,1.92,0.46153846153846156,1.85
119,0.3970588235294117,2.28,0.24615384615384617,1.25
120,0.32352941176470584,1.6,0.5230769230769231,1.61
121,0.2205882352941176,0.83,0.3538461538461538,1.51
122,0.5735294117647058,1.91,0.46153846153846156,1.85
123,0.6617647058823528,1.58,0.7076923076923077,1.47
124,0.3088235294117647,1.27,0.18461538461538463,0.75
125,0.42647058823529405,1.86,0.4,1.33
126,0.514705882352941,1.64,0.6923076923076923,1.37
127,0.20588235294117643,1.84,0.5692307692307692,1.68
128,0.2941176470588235,1.43,0.36923076923076925,1.55
129,0.38235294117647056,1.72,0.676923076923077,1.67
130,0.24999999999999992,1.42,0.4,1.33
131,0.6617647058823528,1.04,0.5076923076923078,1.64
133,0.17647058823529407,1.99,0.09230769230769231,1.17
134,0.5588235294117647,1.74,0.676923076923077,1.18
135,0.3088235294117647,2.24,0.2923076923076924,1.43
136,0.764705882352941,1.33,0.7076923076923077,1.08
137,0.3970588235294117,1.68,0.6461538461538462,1.33
138,0.32352941176470584,2.64,0.12307692307692308,0.92
140,0.38235294117647056,1.47,0.4461538461538461,2.01
142,0.44117647058823517,1.8,0.49230769230769234,1.72
143,0.3529411764705882,1.73,0.5076923076923078,1.45
144,0.2647058823529411,1.11,0.476923076923077,0.9
145,0.2205882352941176,1.92,0.5846153846153846,1.91
146,0.11764705882352935,1.8,0.2923076923076924,1.91
148,0.4558823529411764,1.19,0.5230769230769231,2.05
149,0.2647058823529411,1.85,0.23076923076923078,1.92
150,0.4999999999999999,2.45,0.5846153846153846,2.2
151,0.3529411764705882,1.95,0.4461538461538461,1.28
152,0.4117647058823529,1.62,0.6153846153846154,1.43
153,0.33823529411764697,1.92,0.4461538461538461,1.69
154,0.38235294117647056,1.66,0.3846153846153846,1.87
155,0.2941176470588235,1.96,0.5846153846153846,0.92
156,0.7058823529411764,1.2,0.7846153846153847,0.46
157,0.3529411764705882,1.67,0.7076923076923077,1.08
158,0.07352941176470587,0.7,0.3076923076923077,1.43
159,0.32352941176470584,2.56,0.23076923076923078,1.81
160,0.27941176470588236,2.11,0.2923076923076924,1.57
161,0.6911764705882352,1.19,0.2923076923076924,1.91
162,0.3088235294117647,1.68,0.46153846153846156,1.02
163,0.2941176470588235,1.28,0.4461538461538461,1.36
164,0.3676470588235293,1.7,0.2,1.97
166,0.2205882352941176,1.45,0.4,1.08
167,0.16176470588235295,1.35,0.2615384615384615,1.62
168,0.24999999999999992,1.35,0.27692307692307694,1.56
169,0.11764705882352935,0.8,0.18461538461538463,1.08
170,0.20588235294117643,1.55,0.5230769230769231,1.48
171,0.07352941176470587,0.7,0.3076923076923077,1.74
172,0.32352941176470584,2.23,0.5230769230769231,2.24
173,0.44117647058823517,1.69,0.09230769230769231,1.17
174,0.3529411764705882,1.61,0.3384615384615385,1.4
175,0.3088235294117647,1.35,0.41538461538461535,1.55
176,0.11764705882352935,1.62,0.3538461538461538,1.58
177,0.47058823529411753,1.4,0.6153846153846154,1.74
178,0.17647058823529407,2.09,0.32307692307692315,2.1
179,0.5294117647058824,2.04,0.676923076923077,1.95
180,0.47058823529411753,1.89,0.6615384615384616,1.37
181,0.3088235294117647,2.1,0.13846153846153847,0.92
182,0.08823529411764705,0.87,0.32307692307692315,2.05
184,0.2941176470588235,1.85,0.27692307692307694,1.11
185,0.4852941176470589,1.92,0.46153846153846156,1.36
186,0.3088235294117647,1.68,0.36923076923076925,1.61
187,0.13235294117647053,1.86,0.32307692307692315,1.95
188,0.3529411764705882,1.55,0.2615384615384615,1.55
189,0.7205882352941175,1.63,0.8461538461538463,1.58
190,0.17647058823529407,1.83,0.23076923076923078,1.3
191,0.514705882352941,2.02,0.7230769230769231,1.9
192,0.6176470588235293,0.6,0.6923076923076923,0.54
193,0.3676470588235293,1.81,0.2153846153846154,1.34
194,0.16176470588235295,1.79,0.476923076923077,1.27
195,0.38235294117647056,1.94,0.16923076923076924,0.78
196,0.3970588235294117,1.68,0.4461538461538461,1.63
197,0.08823529411764705,1.4,0.18461538461538463,1.33
198,0.04411764705882351,0.7,0.2615384615384615,1.79
199,0.5441176470588235,1.49,0.6307692307692309,1.27
201,0.3088235294117647,1.49,0.49230769230769234,1.54
202,0.44117647058823517,1.36,0.5538461538461539,1.4
203,0.27941176470588236,1.96,0.49230769230769234,1.66
204,0.2941176470588235,2.01,0.09230769230769231,0.98
205,0.20588235294117643,1.41,0.4461538461538461,2.01
206,0.10294117647058817,0.78,0.15384615384615385,1.02
207,0.47058823529411753,2.09,0.49230769230769234,2.44
208,0.47058823529411753,2.04,0.7538461538461538,1.02
209,0.2205882352941176,0.94,0.46153846153846156,1.85
210,0.38235294117647056,2.14,0.6000000000000001,2.16
211,0.2205882352941176,1.22,0.5076923076923078,0.83
212,0.44117647058823517,1.56,0.5846153846153846,1.8
213,0.14705882352941177,1.5,0.13846153846153847,1.63
214,0.2941176470588235,1.96,0.3846153846153846,1.58
215,0.2352941176470588,2.09,0.15384615384615385,1.2
216,0.42647058823529405,1.57,0.5692307692307692,1.1
217,0.27941176470588236,1.57,0.49230769230769234,1.6
218,0.19117647058823525,1.37,0.36923076923076925,1.48
219,0.11764705882352935,0.8,0.3384615384615385,1.47
220,0.3676470588235293,1.51,0.27692307692307694,1.02
221,0.3970588235294117,1.55,0.27692307692307694,1.8
222,0.32352941176470584,1.33,0.41538461538461535,2.37
223,0.08823529411764705,1.08,0.2923076923076924,2.16
224,0.5735294117647058,1.5,0.6307692307692309,1.79
225,0.3088235294117647,1.85,0.4,1.6
226,0.4852941176470589,1.7,0.5230769230769231,1.55
227,0.2205882352941176,1.14,0.2923076923076924,1.5
228,0.27941176470588236,1.63,0.36923076923076925,1.26
229,0.47058823529411753,1.6,0.49230769230769234,1.47
231,0.3676470588235293,1.45,0.6153846153846154,1.69
232,0.13235294117647053,1.75,0.16923076923076924,1.0
233,0.4558823529411764,1.49,0.4461538461538461,1.8
234,0.27941176470588236,2.38,0.3538461538461538,1.45
235,0.20588235294117643,1.1,0.32307692307692315,1.35
236,0.13235294117647053,1.5,0.12307692307692308,1.2
237,0.38235294117647056,2.09,0.3538461538461538,1.3
238,0.20588235294117643,1.95,0.46153846153846156,1.8
239,0.10294117647058817,1.9,0.2615384615384615,1.55
240,0.7058823529411764,1.36,0.7692307692307692,1.02
241,0.3676470588235293,2.12,0.46153846153846156,1.36
242,0.27941176470588236,1.75,0.476923076923077,1.55
243,0.8235294117647057,1.4,0.3846153846153846,2.17
244,0.3970588235294117,1.35,0.4,1.66
245,0.38235294117647056,1.99,0.6923076923076923,1.58
246,0.4852941176470589,2.66,0.24615384615384617,2.04
247,0.33823529411764697,1.22,0.4461538461538461,1.28
248,0.2647058823529411,1.56,0.32307692307692315,1.0
250,0.2647058823529411,2.06,0.3076923076923077,1.36
253,0.7352941176470587,1.56,0.13846153846153847,0.81
254,0.5441176470588235,2.28,0.8923076923076925,1.11
257,0.8823529411764705,1.5,0.8153846153846154,1.7
258,0.3970588235294117,1.35,0.41538461538461535,1.35
260,0.5441176470588235,1.42,0.3076923076923077,1.62
262,0.588235294117647,1.5,0.8153846153846154,0.94
264,0.5441176470588235,1.27,0.6000000000000001,1.5
265,0.42647058823529405,1.69,0.7384615384615385,0.66
266,0.2941176470588235,1.5,0.49230769230769234,1.94
269,0.3970588235294117,1.73,0.49230769230769234,1.94
270,0.6617647058823528,1.64,0.8461538461538463,1.64
272,0.6323529411764706,1.81,0.7384615384615385,1.85
273,0.5588235294117647,1.74,0.8615384615384616,0.87
274,0.8970588235294116,0.9,0.676923076923077,2.0
275,0.5441176470588235,1.42,0.6000000000000001,1.02
276,0.6617647058823528,1.51,0.5692307692307692,1.68
278,0.5735294117647058,2.06,0.5384615384615384,1.64
279,0.2941176470588235,1.2,0.476923076923077,1.42
280,0.38235294117647056,1.66,0.2615384615384615,1.1
281,0.5588235294117647,2.29,0.8307692307692309,1.18
282,0.2352941176470588,1.66,0.4,0.75
284,0.4117647058823529,1.5,0.5538461538461539,1.17
285,0.27941176470588236,1.02,0.5384615384615384,1.37
286,0.6029411764705882,1.95,0.8153846153846154,1.87
288,0.27941176470588236,1.86,0.5538461538461539,1.78
289,0.6029411764705882,1.9,0.7846153846153847,1.0
290,0.07352941176470587,0.83,0.3538461538461538,1.58
292,0.8382352941176469,1.0,0.8923076923076925,0.92
293,0.6911764705882352,1.62,0.4,1.94
294,0.5735294117647058,2.11,0.7538461538461538,1.91
296,0.6323529411764706,0.94,0.6307692307692309,1.27
297,0.2205882352941176,1.3,0.3076923076923077,1.36
298,0.3529411764705882,1.73,0.5846153846153846,1.69
299,0.17647058823529407,1.89,0.41538461538461535,1.27
300,0.764705882352941,1.08,0.4461538461538461,1.86
301,0.2352941176470588,1.47,0.32307692307692315,1.73
302,0.7352941176470587,2.2,0.8307692307692309,1.48
303,0.7941176470588235,1.1,0.7384615384615385,1.74
304,0.32352941176470584,1.78,0.46153846153846156,1.69
305,0.7058823529411764,1.11,0.8,0.98
306,0.6029411764705882,2.19,0.7846153846153847,1.73
307,0.6617647058823528,1.04,0.8,1.4
308,0.3970588235294117,1.68,0.7692307692307692,0.92
309,0.5441176470588235,1.68,0.6461538461538462,1.78
310,0.07352941176470587,0.83,0.16923076923076924,1.0
311,0.6176470588235293,1.6,0.8153846153846154,0.94
312,0.44117647058823517,1.28,0.6461538461538462,1.6
313,0.2941176470588235,1.36,0.5692307692307692,1.27
314,0.6176470588235293,1.17,0.6615384615384616,1.22
315,0.7058823529411764,1.43,0.9076923076923078,0.81
316,0.17647058823529407,1.33,0.2923076923076924,1.96
317,0.6617647058823528,1.7,0.41538461538461535,1.35
318,0.6323529411764706,1.7,0.6615384615384616,1.45
319,0.42647058823529405,1.96,0.7692307692307692,0.8
320,0.8529411764705882,1.28,0.7692307692307692,1.43
321,0.8382352941176469,0.78,0.676923076923077,1.73
322,0.6617647058823528,1.22,0.9230769230769231,1.02
323,0.47352941176470587,1.4,0.6353846153846154,1.48
324,0.24999999999999992,1.68,0.476923076923077,1.42
325,0.5735294117647058,1.75,0.5846153846153846,2.06
326,0.5588235294117647,1.56,0.8615384615384616,1.25
327,0.6470588235294117,1.34,0.8461538461538463,1.3
328,0.5294117647058824,1.6,0.4,2.09
329,0.24999999999999992,2.28,0.4,2.23
330,0.6323529411764706,2.3,0.23076923076923078,1.87
332,0.5735294117647058,1.12,0.8153846153846154,0.83
333,0.7499999999999999,1.55,0.6923076923076923,1.7
334,0.6323529411764706,1.64,0.6615384615384616,1.92
335,0.764705882352941,1.47,0.8,1.33
336,0.6617647058823528,1.51,0.7692307692307692,1.5
338,0.20588235294117643,0.77,0.3384615384615385,1.47
339,0.6323529411764706,1.58,0.8153846153846154,1.14
340,0.32352941176470584,2.36,0.46153846153846156,1.91
341,0.32352941176470584,1.78,0.4307692307692308,1.69
342,0.3529411764705882,2.05,0.5384615384615384,2.12
343,0.7941176470588235,1.73,1.0,0.83
344,0.44117647058823517,1.74,0.5538461538461539,1.6
345,0.8235294117647057,1.54,0.7538461538461538,1.86
346,0.7499999999999999,1.0,0.8769230769230769,1.55
347,0.32647058823529407,0.94,0.6492307692307693,0.94
348,0.4999999999999999,1.55,0.6307692307692309,1.73
349,0.44117647058823517,1.69,0.6461538461538462,1.89
350,0.6470588235294117,1.9,0.7538461538461538,1.8
352,0.5735294117647058,1.36,0.4461538461538461,1.43
353,0.3529411764705882,1.95,0.49230769230769234,2.04
354,0.8088235294117646,0.94,0.7384615384615385,1.28
355,0.514705882352941,1.81,0.7538461538461538,1.2
356,0.44117647058823517,1.85,0.6153846153846154,1.36
357,0.47058823529411753,1.4,0.7538461538461538,1.2
358,0.588235294117647,1.43,0.4,1.6
359,0.13235294117647053,1.12,0.32307692307692315,1.62
360,0.13235294117647053,1.36,0.6000000000000001,1.57
361,0.1397058823529411,1.3,0.27076923076923076,1.61
362,0.3529411764705882,1.67,0.6615384615384616,0.83
364,0.5735294117647058,1.43,0.7538461538461538,1.12
365,0.6470588235294117,1.55,0.8461538461538463,0.83
366,0.7794117647058824,0.94,0.6923076923076923,1.3
367,0.2205882352941176,1.58,0.16923076923076924,0.64
368,0.47058823529411753,1.83,0.6923076923076923,1.58
369,0.19117647058823525,0.7,0.27692307692307694,0.8
370,0.32352941176470584,1.89,0.27692307692307694,1.8
371,0.5294117647058824,1.6,0.7692307692307692,1.02
372,0.2941176470588235,1.2,0.49230769230769234,1.72
374,0.7941176470588235,1.0,0.5076923076923078,1.14
375,0.04411764705882351,0.7,0.18461538461538463,1.66
376,0.4999999999999999,1.48,0.6615384615384616,1.14
378,0.5735294117647058,1.8,0.6615384615384616,1.64
379,0.04411764705882351,0.94,0.2,1.14
380,0.588235294117647,1.28,0.49230769230769234,2.04
381,0.6470588235294117,1.67,0.7846153846153847,1.1
383,0.38235294117647056,2.09,0.3076923076923077,1.56
384,0.2941176470588235,1.36,0.3846153846153846,1.58
386,0.4999999999999999,1.1,0.6000000000000001,1.75
387,0.676470588235294,2.27,0.7076923076923077,2.52
390,0.6029411764705882,1.0,0.7076923076923077,0.6
391,0.5735294117647058,1.57,0.6923076923076923,0.94
392,0.2647058823529411,1.69,0.49230769230769234,1.47
393,0.6470588235294117,0.77,0.7384615384615385,0.66
395,0.7499999999999999,1.27,0.7076923076923077,1.4
397,0.7941176470588235,1.26,0.8307692307692309,1.34
399,0.7499999999999999,0.9,0.8307692307692309,1.0
400,0.514705882352941,1.7,0.6153846153846154,1.11
401,0.5735294117647058,1.43,0.7384615384615385,1.2
402,0.8088235294117646,1.04,0.8461538461538463,0.94
403,0.514705882352941,1.64,0.5538461538461539,1.66
404,0.7794117647058824,1.37,0.8,1.33
405,0.6617647058823528,1.92,0.8923076923076925,0.92
406,0.5441176470588235,2.1,0.41538461538461535,2.19
407,0.3970588235294117,1.68,0.4461538461538461,1.63
408,0.7352941176470587,2.37,0.6923076923076923,2.02
410,0.32352941176470584,1.99,0.5384615384615384,1.7
415,0.6470588235294117,1.1,0.5538461538461539,1.83
416,0.5735294117647058,1.75,0.5538461538461539,1.6
419,0.24999999999999992,2.0,0.36923076923076925,1.41
420,0.42647058823529405,1.28,0.5846153846153846,1.28
422,0.17647058823529407,1.72,0.32307692307692315,2.45
423,0.5294117647058824,2.48,0.4461538461538461,2.29
425,0.8088235294117646,0.7,0.8,0.87
426,0.5441176470588235,1.68,0.5692307692307692,1.42
427,0.5294117647058824,1.47,0.6461538461538462,0.75
428,0.7352941176470587,1.02,0.7692307692307692,0.92
429,0.24999999999999992,1.1,0.41538461538461535,1.9
430,0.3529411764705882,2.24,0.2,1.04
431,0.6617647058823528,1.76,0.6000000000000001,1.91
432,0.5441176470588235,2.0,0.5692307692307692,1.68
435,0.42647058823529405,1.75,0.6615384615384616,1.51
436,0.3970588235294117,2.0,0.5538461538461539,1.83
437,0.5294117647058824,1.83,0.41538461538461535,2.1
440,0.5441176470588235,2.15,0.7230769230769231,1.73
441,0.44117647058823517,1.69,0.5384615384615384,1.51
442,0.3676470588235293,1.87,0.4461538461538461,1.57
444,0.10294117647058817,1.1,0.13846153846153847,1.2
445,0.11764705882352935,1.02,0.46153846153846156,1.62
448,0.7499999999999999,1.95,0.7538461538461538,1.96
449,0.2941176470588235,2.06,0.3384615384615385,1.83
450,0.3676470588235293,2.02,0.5230769230769231,1.73
451,0.4852941176470589,1.3,0.4307692307692308,1.8
452,0.5661764705882353,1.53,0.7923076923076924,1.44
453,0.44117647058823517,1.8,0.6153846153846154,1.2
454,0.4999999999999999,2.45,0.49230769230769234,1.47
455,0.5588235294117647,1.74,0.6307692307692309,1.19
456,0.6617647058823528,2.7,0.1076923076923077,1.27
458,0.2647058823529411,1.69,0.5230769230769231,1.79
459,0.6911764705882352,0.78,0.6923076923076923,1.22
460,0.32352941176470584,2.09,0.3384615384615385,1.72
461,0.47058823529411753,1.4,0.4307692307692308,1.56
462,0.6176470588235293,1.66,0.46153846153846156,2.06
463,0.4999999999999999,2.05,0.6307692307692309,1.68
464,0.514705882352941,1.22,0.6153846153846154,1.5
466,0.7352941176470587,1.56,0.6615384615384616,1.22
467,0.6029411764705882,2.19,0.8,1.17
468,0.2941176470588235,1.62,0.27692307692307694,2.15
469,0.514705882352941,1.58,0.5692307692307692,0.9
472,0.7205882352941175,2.11,0.5538461538461539,1.54
473,0.8088235294117646,1.22,0.6000000000000001,2.2
475,0.588235294117647,2.01,0.5230769230769231,2.0
477,0.8088235294117646,1.51,0.8615384615384616,1.17
478,0.17647058823529407,1.17,0.24615384615384617,1.08
479,0.42647058823529405,1.8,0.6307692307692309,0.9
480,0.16176470588235295,1.62,0.3846153846153846,1.14
481,0.2647058823529411,1.56,0.476923076923077,1.95
482,0.04411764705882351,0.7,0.2923076923076924,2.2
484,0.7058823529411764,1.28,0.7538461538461538,1.28
485,0.14705882352941177,0.92,0.32307692307692315,1.42
486,0.676470588235294,1.83,0.6307692307692309,1.62
487,0.42647058823529405,1.57,0.5692307692307692,1.19
488,0.0,0.8,0.27692307692307694,1.28
489,0.44117647058823517,1.74,0.5538461538461539,1.78
490,0.33823529411764697,1.51,0.32307692307692315,1.68
492,0.4117647058823529,1.91,0.49230769230769234,1.72
493,0.3088235294117647,1.55,0.5076923076923078,1.14
494,0.3088235294117647,1.62,0.3846153846153846,1.7
496,0.4558823529411764,2.15,0.6615384615384616,1.81
497,0.676470588235294,1.54,0.6307692307692309,2.24
498,0.19117647058823525,1.87,0.18461538461538463,1.47
499,0.2941176470588235,1.56,0.3076923076923077,1.56
500,0.6470588235294117,1.79,0.5538461538461539,1.66
501,0.13235294117647053,1.12,0.4307692307692308,0.92
502,0.47058823529411753,1.78,0.46153846153846156,1.62
503,0.6176470588235293,1.66,0.7384615384615385,1.02
504,0.47058823529411753,0.87,0.36923076923076925,0.77
506,0.19117647058823525,0.94,0.3846153846153846,1.37
507,0.4852941176470589,1.14,0.49230769230769234,1.17
512,0.514705882352941,1.7,0.5846153846153846,1.91
513,0.2205882352941176,1.64,0.4,1.47
514,0.3970588235294117,1.85,0.6461538461538462,1.89
515,0.32352941176470584,1.4,0.27692307692307694,1.2
518,0.3676470588235293,1.7,0.27692307692307694,1.11
519,0.764705882352941,1.83,0.5692307692307692,1.79
520,0.3529411764705882,1.55,0.6000000000000001,1.36
521,0.32352941176470584,1.54,0.46153846153846156,2.06
522,0.27941176470588236,2.11,0.16923076923076924,0.9
523,0.514705882352941,1.7,0.6615384615384616,1.87
524,0.24999999999999992,1.27,0.36923076923076925,1.1
525,0.3970588235294117,1.55,0.49230769230769234,1.99
527,0.3529411764705882,1.67,0.6307692307692309,1.95
529,0.4558823529411764,1.55,0.6461538461538462,1.17
530,0.24999999999999992,1.42,0.2923076923076924,1.57
535,0.6617647058823528,2.02,0.7538461538461538,1.69
536,0.514705882352941,1.37,0.4461538461538461,0.81
537,0.4999999999999999,2.45,0.15384615384615385,1.8
540,0.3676470588235293,1.87,0.4307692307692308,1.5
544,0.47058823529411753,2.14,0.4461538461538461,1.75
547,0.2647058823529411,1.85,0.49230769230769234,2.09
550,0.38235294117647056,1.78,0.6615384615384616,1.87
551,0.2352941176470588,1.47,0.36923076923076925,1.41
554,0.17647058823529407,2.27,0.5230769230769231,2.37
555,0.5294117647058824,1.6,0.49230769230769234,1.66
556,0.588235294117647,2.06,0.6923076923076923,1.64
558,0.17647058823529407,1.83,0.24615384615384617,1.66
560,0.19117647058823525,1.22,0.46153846153846156,1.62
561,0.7794117647058824,0.7,0.8307692307692309,0.89
564,0.4558823529411764,1.68,0.5076923076923078,1.64
565,0.2205882352941176,1.51,0.2153846153846154,1.0
568,0.5588235294117647,1.5,0.23076923076923078,1.37
574,0.42647058823529405,2.06,0.49230769230769234,1.94
577,0.588235294117647,1.56,0.6000000000000001,1.28
579,0.2205882352941176,1.92,0.24615384615384617,1.33
580,0.11764705882352935,1.02,0.4307692307692308,1.28
581,0.5441176470588235,1.19,0.676923076923077,1.0
582,0.2205882352941176,1.37,0.5076923076923078,1.64
584,0.13235294117647053,1.12,0.12307692307692308,0.8
585,0.3529411764705882,1.41,0.4,1.66
586,0.5294117647058824,1.4,0.6615384615384616,0.7
591,0.6029411764705882,1.68,0.7076923076923077,2.09
592,0.5661764705882353,1.08,0.536923076923077,2.11
594,0.38235294117647056,1.83,0.23076923076923078,1.51
597,0.47058823529411753,1.78,0.7384615384615385,0.8
598,0.3529411764705882,1.61,0.6153846153846154,1.02
600,0.27941176470588236,1.8,0.36923076923076925,2.1
605,0.4117647058823529,1.74,0.676923076923077,1.55
606,0.3676470588235293,1.76,0.6153846153846154,1.5
607,0.4117647058823529,1.74,0.6923076923076923,1.3
608,0.19117647058823525,1.64,0.3384615384615385,1.89
609,0.5441176470588235,1.82,0.6076923076923078,1.69
610,0.6911764705882352,1.35,0.7538461538461538,1.75
611,0.514705882352941,1.58,0.49230769230769234,1.72
612,0.588235294117647,1.2,0.7692307692307692,0.49
613,0.5294117647058824,2.18,0.8,1.4
614,0.3970588235294117,1.49,0.32307692307692315,1.35
615,0.2352941176470588,1.72,0.5230769230769231,0.77
616,0.27941176470588236,1.43,0.5230769230769231,1.18
617,0.7205882352941175,1.69,0.2153846153846154,1.34
620,0.6176470588235293,1.25,0.4307692307692308,1.56
621,0.19117647058823525,1.22,0.4307692307692308,1.11
622,0.42647058823529405,2.11,0.5230769230769231,1.79
623,0.32352941176470584,1.66,0.6615384615384616,1.58
625,0.2205882352941176,1.45,0.4307692307692308,1.2
628,0.4852941176470589,2.07,0.8,1.66
629,0.8529411764705882,0.92,0.9230769230769231,0.8
631,0.8823529411764705,1.5,0.23076923076923078,2.34
632,0.38235294117647056,2.09,0.5846153846153846,1.8
634,0.4558823529411764,2.33,0.6461538461538462,1.54
635,0.7352941176470587,0.92,0.9230769230769231,1.02
637,0.08823529411764705,0.87,0.3076923076923077,1.96
638,0.2352941176470588,1.47,0.4307692307692308,1.62
639,0.6617647058823528,0.94,0.7230769230769231,1.1
640,0.8823529411764705,0.8,0.9538461538461538,0.75
643,0.27941176470588236,1.12,0.4,1.72
644,0.3970588235294117,1.62,0.6153846153846154,1.96
645,0.44117647058823517,1.91,0.6307692307692309,1.68
646,0.2205882352941176,1.3,0.3384615384615385,1.4
647,0.20588235294117643,1.0,0.6461538461538462,0.87
648,0.514705882352941,2.07,0.8,1.54
649,0.676470588235294,0.98,0.7846153846153847,0.64
650,0.6470588235294117,1.0,0.4,1.66
651,0.7058823529411764,1.02,0.8461538461538463,0.7
652,0.2352941176470588,1.72,0.41538461538461535,1.62
653,0.5441176470588235,2.0,0.7538461538461538,1.02
654,0.514705882352941,1.81,0.4307692307692308,1.69
656,0.14705882352941177,1.11,0.3846153846153846,1.45
657,0.514705882352941,0.94,0.6153846153846154,0.8
658,0.4117647058823529,1.56,0.6307692307692309,1.27
660,0.07352941176470587,1.14,0.18461538461538463,1.4
661,0.08823529411764705,1.72,0.18461538461538463,1.66
662,0.6323529411764706,1.22,0.5384615384615384,2.12
663,0.24999999999999992,1.79,0.41538461538461535,1.49
664,0.7941176470588235,1.0,0.7692307692307692,1.43
665,0.6029411764705882,1.73,0.7076923076923077,1.6
666,0.5441176470588235,1.42,0.5230769230769231,1.9
667,0.38235294117647056,1.4,0.5076923076923078,1.22
668,0.4999999999999999,1.55,0.5692307692307692,1.62
671,0.2205882352941176,1.51,0.32307692307692315,1.55
672,0.4117647058823529,2.33,0.7230769230769231,1.73
673,0.7352941176470587,1.28,0.7846153846153847,1.35
674,0.764705882352941,1.33,0.8923076923076925,1.36
675,0.514705882352941,1.45,0.6461538461538462,1.25
676,0.7352941176470587,2.37,0.7692307692307692,2.37
677,0.7205882352941175,1.91,0.5692307692307692,1.79
681,0.4852941176470589,2.12,0.7692307692307692,1.74
682,0.47058823529411753,1.33,0.676923076923077,0.77
684,0.3970588235294117,1.62,0.5076923076923078,1.45
685,0.42647058823529405,2.01,0.3076923076923077,2.01
686,0.2647058823529411,1.56,0.6000000000000001,1.43
687,0.8382352941176469,1.1,0.8923076923076925,0.92
688,0.3970588235294117,1.42,0.5230769230769231,1.61
689,0.32352941176470584,1.66,0.46153846153846156,1.43
690,0.11764705882352935,2.01,0.4307692307692308,2.06
691,0.4999999999999999,1.61,0.32307692307692315,1.27
692,0.7794117647058824,1.37,0.6923076923076923,1.7
693,0.676470588235294,1.6,0.5692307692307692,1.95
695,0.6323529411764706,1.58,0.7076923076923077,1.72
696,0.5441176470588235,2.24,0.6461538461538462,2.23
697,0.47058823529411753,1.54,0.6461538461538462,1.08
698,0.33823529411764697,1.92,0.32307692307692315,1.62
699,0.3088235294117647,1.79,0.4461538461538461,1.5
700,0.47058823529411753,1.4,0.6153846153846154,1.36
702,0.8676470588235293,1.43,0.2615384615384615,1.95
703,0.514705882352941,2.02,0.676923076923077,1.61
704,0.3676470588235293,1.04,0.4,1.4
706,0.5735294117647058,0.81,0.676923076923077,0.89
707,0.2352941176470588,2.52,0.23076923076923078,1.81
708,0.2352941176470588,2.18,0.24615384615384617,1.6
709,0.6176470588235293,1.47,0.5230769230769231,1.79
710,0.5588235294117647,1.36,0.5384615384615384,1.3
711,0.19117647058823525,1.14,0.23076923076923078,1.14
712,0.2647058823529411,1.11,0.5692307692307692,1.42
713,0.4852941176470589,2.17,0.7230769230769231,2.0
714,0.4117647058823529,1.8,0.49230769230769234,1.78
715,0.19117647058823525,1.37,0.41538461538461535,1.68
717,0.42647058823529405,1.28,0.5076923076923078,1.22
718,0.6323529411764706,1.58,0.7538461538461538,1.63
719,0.8088235294117646,1.14,0.8615384615384616,1.17
721,0.6029411764705882,1.79,0.6000000000000001,1.02
722,0.6029411764705882,1.55,0.8307692307692309,0.63
723,0.7205882352941175,1.75,0.8615384615384616,1.08
724,0.6470588235294117,1.0,0.6923076923076923,1.04
725,0.514705882352941,1.7,0.5384615384615384,1.45
726,0.7941176470588235,2.14,0.3076923076923077,1.74
727,0.3970588235294117,1.68,0.4461538461538461,1.86
728,0.7794117647058824,1.76,0.9076923076923078,1.2
729,0.7058823529411764,1.02,0.2923076923076924,1.57
730,0.3088235294117647,1.62,0.4461538461538461,1.02
731,0.8382352941176469,1.62,0.6461538461538462,1.78
732,0.588235294117647,1.74,0.7230769230769231,0.9
733,0.3970588235294117,1.42,0.5230769230769231,1.48
734,0.6029411764705882,1.79,0.7230769230769231,1.55
735,0.3970588235294117,1.0,0.5076923076923078,0.94
736,0.16176470588235295,1.42,0.32307692307692315,0.9
737,0.3676470588235293,0.94,0.5076923076923078,1.22
738,0.5735294117647058,1.43,0.7076923076923077,1.33
739,0.676470588235294,1.54,0.8153846153846154,0.94
740,0.3088235294117647,1.79,0.36923076923076925,1.34
741,0.44117647058823517,1.5,0.4307692307692308,1.5
742,0.6617647058823528,2.12,0.7538461538461538,1.63
743,0.2205882352941176,1.45,0.5230769230769231,1.95
744,0.6617647058823528,1.3,0.6000000000000001,1.12
745,0.38235294117647056,1.08,0.0,0.66
746,0.3088235294117647,1.73,0.46153846153846156,1.91
747,0.2941176470588235,1.36,0.5076923076923078,1.22
748,0.514705882352941,1.92,0.4307692307692308,1.56
749,0.38235294117647056,1.25,0.5076923076923078,1.37
750,0.5441176470588235,2.0,0.6307692307692309,1.9
756,0.6323529411764706,1.87,0.8,0.75
757,0.6470588235294117,1.26,0.6923076923076923,1.37
758,0.47058823529411753,1.89,0.6615384615384616,1.04
759,0.7499999999999999,0.9,0.6615384615384616,1.14
763,0.27941176470588236,1.43,0.6000000000000001,1.36
764,0.6911764705882352,1.62,0.9076923076923078,0.92
767,0.5294117647058824,1.25,0.7538461538461538,0.5
769,0.676470588235294,1.66,0.5230769230769231,2.05
773,0.42647058823529405,1.75,0.476923076923077,2.0
775,0.3088235294117647,1.55,0.4307692307692308,1.5
776,0.27941176470588236,1.75,0.4461538461538461,2.2
777,0.676470588235294,2.14,0.5384615384615384,2.17
779,0.17647058823529407,1.47,0.5692307692307692,1.42
780,0.6176470588235293,1.4,0.7076923076923077,1.54
781,0.4852941176470589,2.02,0.7230769230769231,2.1
782,0.8235294117647057,1.4,0.476923076923077,2.45
784,0.4558823529411764,1.68,0.6307692307692309,1.35
787,0.6617647058823528,1.81,0.7230769230769231,1.62
789,0.33823529411764697,2.26,0.5538461538461539,1.94
790,0.8235294117647057,1.25,0.5846153846153846,1.43
791,0.16176470588235295,1.27,0.46153846153846156,1.69
794,0.13235294117647053,1.02,0.4,1.08
795,0.08823529411764705,0.98,0.2923076923076924,1.12
796,0.5294117647058824,2.27,0.5384615384615384,1.87
797,0.4852941176470589,2.12,0.5846153846153846,1.85
798,0.7205882352941175,1.43,0.6615384615384616,1.76
799,0.3676470588235293,1.22,0.6153846153846154,0.66
800,0.42647058823529405,1.63,0.4461538461538461,1.86
801,0.24999999999999992,2.0,0.2923076923076924,2.11
804,0.7794117647058824,1.04,0.8,0.6
805,0.08823529411764705,0.98,0.2923076923076924,1.36
806,0.7058823529411764,1.69,0.7692307692307692,1.8
807,0.47058823529411753,1.6,0.7538461538461538,0.92
808,0.2205882352941176,1.51,0.41538461538461535,1.85
810,0.7205882352941175,1.57,0.7692307692307692,0.66
811,0.3676470588235293,1.45,0.5076923076923078,1.37
813,0.676470588235294,1.17,0.7846153846153847,1.0
814,0.6617647058823528,1.37,0.5692307692307692,1.62
815,0.5735294117647058,1.57,0.6615384615384616,0.94
818,0.6323529411764706,1.3,0.8,1.4
819,0.3529411764705882,1.84,0.6307692307692309,1.42
820,0.7058823529411764,1.43,0.7384615384615385,1.36
823,0.47058823529411753,1.54,0.49230769230769234,1.17
824,0.8235294117647057,1.4,0.8307692307692309,1.0
825,0.3676470588235293,2.21,0.6307692307692309,1.19
826,0.3529411764705882,1.55,0.476923076923077,1.35
829,0.10294117647058817,1.0,0.4461538461538461,1.36
830,0.5441176470588235,1.49,0.6615384615384616,1.45
831,0.5294117647058824,1.17,0.7076923076923077,0.75
833,0.4999999999999999,1.55,0.6461538461538462,1.17
834,0.4558823529411764,1.73,0.41538461538461535,1.79
836,0.8088235294117646,1.14,0.6307692307692309,1.9
839,0.6029411764705882,1.35,0.4307692307692308,1.74
841,0.38235294117647056,1.4,0.476923076923077,1.19
844,0.32352941176470584,1.99,0.27692307692307694,1.2
845,0.514705882352941,1.87,0.36923076923076925,1.73
846,0.6470588235294117,1.1,0.6000000000000001,1.12
848,0.08823529411764705,1.33,0.16923076923076924,1.1
850,0.2941176470588235,1.91,0.23076923076923078,1.3
851,0.4999999999999999,0.77,0.4307692307692308,1.02
852,0.42647058823529405,1.5,0.476923076923077,2.05
854,0.19117647058823525,1.3,0.3384615384615385,1.47
855,0.19117647058823525,1.87,0.4461538461538461,1.36
856,0.7499999999999999,0.9,0.6153846153846154,0.8
857,0.4852941176470589,1.87,0.5692307692307692,1.95
858,0.4117647058823529,2.01,0.4461538461538461,2.2
859,0.2941176470588235,2.01,0.5384615384615384,2.02
860,0.7352941176470587,0.92,0.7846153846153847,1.27
863,0.7058823529411764,1.11,0.8307692307692309,1.0
864,0.6029411764705882,1.1,0.6615384615384616,1.04
865,0.17647058823529407,1.78,0.46153846153846156,1.5
866,0.6176470588235293,1.17,0.5384615384615384,1.58
867,0.6176470588235293,1.83,0.7538461538461538,2.01
869,0.14705882352941177,1.69,0.3846153846153846,1.92
871,0.7058823529411764,1.36,0.676923076923077,1.84
872,0.2647058823529411,1.62,0.6000000000000001,1.8
873,0.764705882352941,0.98,0.8307692307692309,0.77
874,0.6911764705882352,1.49,0.4307692307692308,1.96
876,0.6911764705882352,2.19,0.7846153846153847,1.68
879,0.588235294117647,1.02,0.676923076923077,1.26
880,0.4852941176470589,2.12,0.3384615384615385,1.66
882,0.5441176470588235,1.68,0.5538461538461539,1.47
884,0.5735294117647058,1.96,0.5230769230769231,1.48
886,0.6323529411764706,0.94,0.5846153846153846,1.36
887,0.514705882352941,1.64,0.6153846153846154,1.43
889,0.7794117647058824,1.7,0.8615384615384616,1.54
890,0.2941176470588235,1.56,0.476923076923077,1.68
891,0.2647058823529411,1.43,0.6000000000000001,1.02
892,0.33823529411764697,2.02,0.2,1.14
893,0.8382352941176469,1.85,0.2615384615384615,2.05
897,0.4852941176470589,1.37,0.41538461538461535,1.35
898,0.7058823529411764,1.91,0.6000000000000001,1.91
899,0.5441176470588235,1.79,0.7230769230769231,1.55
902,0.7941176470588235,0.77,0.2615384615384615,1.55
903,0.6323529411764706,1.14,0.6153846153846154,1.2
904,0.6029411764705882,1.19,0.4,1.72
908,0.5735294117647058,1.12,0.5076923076923078,1.64
909,0.6470588235294117,1.9,0.6000000000000001,2.2
910,0.7941176470588235,1.55,0.7692307692307692,1.74
911,0.8088235294117646,1.22,0.36923076923076925,1.48
913,0.47058823529411753,1.94,0.2615384615384615,1.55
915,0.4999999999999999,1.9,0.5538461538461539,1.54
921,0.6323529411764706,1.14,0.6923076923076923,1.3
924,0.5588235294117647,1.8,0.7076923076923077,1.4
925,0.4852941176470589,1.51,0.6307692307692309,1.62
926,0.3529411764705882,1.61,0.6000000000000001,1.02
928,0.4999999999999999,1.95,0.36923076923076925,1.79
931,0.6911764705882352,2.19,0.7538461538461538,1.75
932,0.42647058823529405,1.36,0.5076923076923078,1.76
934,0.676470588235294,1.78,0.7384615384615385,1.62
936,0.5588235294117647,1.56,0.476923076923077,1.68
938,0.8382352941176469,0.78,0.4,1.33
939,0.676470588235294,1.4,0.16923076923076924,1.1
941,0.8235294117647057,0.98,0.6615384615384616,1.7
942,0.47058823529411753,1.6,0.3846153846153846,1.97
944,0.8088235294117646,0.94,0.7538461538461538,1.2
945,0.10294117647058817,1.35,0.18461538461538463,1.47
949,0.6029411764705882,1.49,0.6923076923076923,1.22
952,0.38235294117647056,2.14,0.32307692307692315,1.35
954,0.514705882352941,1.58,0.6000000000000001,1.02
955,0.32352941176470584,1.4,0.6153846153846154,0.8
956,0.42647058823529405,1.02,0.5846153846153846,0.92
957,0.17647058823529407,1.08,0.476923076923077,1.55
958,0.5735294117647058,1.86,0.5384615384615384,1.81
959,0.676470588235294,1.94,0.7384615384615385,2.01
960,0.8970588235294116,1.27,0.9384615384615385,0.78
961,0.588235294117647,0.8,0.6000000000000001,1.2
962,0.8529411764705882,0.92,0.27692307692307694,1.5
964,0.8823529411764705,0.92,0.8307692307692309,1.48
967,0.17647058823529407,2.09,0.4307692307692308,2.15
968,0.32352941176470584,2.14,0.24615384615384617,1.72
970,0.7352941176470587,1.56,0.7692307692307692,1.56
973,0.7205882352941175,1.8,0.46153846153846156,2.11
974,0.3676470588235293,1.64,0.4,1.78
976,0.676470588235294,1.08,0.6615384615384616,1.22
977,0.8382352941176469,1.0,0.2923076923076924,1.63
978,0.8970588235294116,1.42,0.6923076923076923,2.02
979,0.2205882352941176,1.58,0.6000000000000001,1.86
980,0.6176470588235293,1.17,0.41538461538461535,1.73
981,0.7499999999999999,1.79,0.7692307692307692,1.5
983,0.47058823529411753,2.23,0.7230769230769231,1.27
985,0.33823529411764697,1.81,0.6923076923076923,1.22
986,0.6176470588235293,0.98,0.4461538461538461,1.96
987,0.6911764705882352,1.62,0.3076923076923077,1.56
988,0.5588235294117647,1.2,0.6615384615384616,1.51
989,0.6911764705882352,2.0,0.7384615384615385,1.56
990,0.6470588235294117,1.61,0.6923076923076923,1.51
991,0.2205882352941176,1.3,0.2923076923076924,1.5
993,0.4117647058823529,1.2,0.3384615384615385,1.17
994,0.7352941176470587,1.74,0.5692307692307692,1.55
995,0.4558823529411764,1.27,0.12307692307692308,0.92
996,0.6470588235294117,1.61,0.7846153846153847,1.68
997,0.7058823529411764,2.11,0.7846153846153847,1.68
999,0.3676470588235293,2.3,0.6615384615384616,1.58
1000,0.764705882352941,1.6,0.6153846153846154,2.06
1001,0.4117647058823529,1.5,0.3384615384615385,1.72
1002,0.42647058823529405,1.5,0.24615384615384617,1.54
1003,0.5441176470588235,1.79,0.2615384615384615,1.35
1004,0.32352941176470584,0.98,0.476923076923077,1.49
1005,0.5588235294117647,1.28,0.5384615384615384,1.22
1006,0.44117647058823517,1.36,0.4307692307692308,2.11
1007,0.5294117647058824,1.47,0.5846153846153846,1.56
1008,0.6470588235294117,1.55,0.5846153846153846,1.5
1009,0.27941176470588236,1.69,0.32307692307692315,1.85
1010,0.7205882352941175,1.63,0.7538461538461538,1.5
1011,0.42647058823529405,1.43,0.2153846153846154,1.1
1012,0.3970588235294117,1.62,0.2,1.51
1013,0.2352941176470588,1.4,0.2923076923076924,1.75
1014,0.4852941176470589,1.04,0.4461538461538461,1.28
1015,0.6323529411764706,1.58,0.7230769230769231,1.55
1016,0.24999999999999992,1.42,0.046153846153846156,0.7
1017,0.3676470588235293,1.3,0.3384615384615385,1.66
1018,0.3088235294117647,1.49,0.13846153846153847,1.28
1019,0.3970588235294117,1.68,0.18461538461538463,1.08
1020,0.2647058823529411,1.43,0.13846153846153847,0.81
1021,0.676470588235294,1.66,0.49230769230769234,1.17
1022,0.24999999999999992,1.19,0.2615384615384615,1.68
1023,0.19117647058823525,1.37,0.1076923076923077,0.78
1024,0.2352941176470588,1.47,0.2,1.14
1025,0.514705882352941,2.21,0.6923076923076923,1.81
1026,0.3088235294117647,1.73,0.18461538461538463,1.83
1027,0.44117647058823517,0.92,0.3384615384615385,0.75
1028,0.42647058823529405,1.28,0.49230769230769234,1.25
1029,0.33823529411764697,0.99,0.4461538461538461,1.08
1030,0.6029411764705882,1.42,0.5538461538461539,1.25
1031,0.47058823529411753,1.4,0.5230769230769231,1.84
1032,0.24999999999999992,1.42,0.3846153846153846,1.92
1033,0.5441176470588235,1.19,0.6153846153846154,0.92
1034,0.24999999999999992,1.55,0.18461538461538463,1.08
1035,0.3970588235294117,1.49,0.4,1.94
1036,0.47058823529411753,1.6,0.2153846153846154,0.89
1037,0.4999999999999999,0.63,0.4307692307692308,1.36
1038,0.4999999999999999,1.26,0.3846153846153846,1.64
1039,0.6911764705882352,1.49,0.46153846153846156,1.5
1040,0.676470588235294,1.54,0.5692307692307692,1.35
1041,0.588235294117647,1.2,0.5846153846153846,1.62
1042,0.4999999999999999,1.18,0.41538461538461535,1.85
1043,0.4852941176470589,1.76,0.5230769230769231,1.41
1044,0.8088235294117646,1.64,0.6923076923076923,1.81
1045,0.4117647058823529,1.43,0.23076923076923078,1.22
1046,0.588235294117647,1.69,0.5230769230769231,2.05
1047,0.5441176470588235,1.19,0.4307692307692308,1.5
1048,0.4999999999999999,2.19,0.7846153846153847,1.0
1049,0.5441176470588235,2.28,0.7846153846153847,1.95
1050,0.6470588235294117,1.26,0.6461538461538462,1.08
1051,0.5294117647058824,1.08,0.5692307692307692,1.1
1052,0.5735294117647058,2.25,0.7692307692307692,1.62
1053,0.42647058823529405,2.11,0.7230769230769231,1.19
1054,0.3088235294117647,2.49,0.7230769230769231,2.49
1055,0.3088235294117647,2.53,0.7230769230769231,2.1
1056,0.38235294117647056,1.47,0.5230769230769231,1.84
1057,0.4558823529411764,2.28,0.8461538461538463,1.58
1058,0.3529411764705882,2.05,0.6461538461538462,2.04
1059,0.4558823529411764,2.71,0.9076923076923078,1.78
1060,0.5294117647058824,2.09,0.6923076923076923,1.87
1061,0.7205882352941175,1.8,0.7076923076923077,1.83
1062,0.3676470588235293,1.64,0.41538461538461535,1.55
1063,0.5294117647058824,1.66,0.7384615384615385,1.5
1064,0.5294117647058824,2.25,0.8461538461538463,1.52
1065,0.6470588235294117,1.41,0.7384615384615385,1.28
1066,0.6617647058823528,1.37,0.6000000000000001,1.43
1067,0.3529411764705882,1.34,0.27692307692307694,1.69
1068,0.6323529411764706,1.45,0.5692307692307692,1.62
1069,0.3970588235294117,2.41,0.6153846153846154,1.43
1070,0.5294117647058824,1.33,0.6461538461538462,0.98
1071,0.7205882352941175,1.2,0.5692307692307692,1.1
1072,0.6911764705882352,1.1,0.6000000000000001,1.2
1073,0.5294117647058824,1.25,0.3384615384615385,1.66
1074,0.764705882352941,0.98,0.7384615384615385,1.69
1075,0.7058823529411764,1.74,0.7692307692307692,0.92
1076,0.6470588235294117,1.26,0.5230769230769231,1.55
1077,0.7058823529411764,1.36,0.49230769230769234,1.66
1078,0.764705882352941,0.87,0.676923076923077,1.48
1079,0.7794117647058824,1.14,0.6153846153846154,1.85
1080,0.6470588235294117,1.18,0.5230769230769231,1.61
1081,0.4999999999999999,1.26,0.2923076923076924,1.36
1082,0.7499999999999999,1.27,0.7384615384615385,1.5
1083,0.6617647058823528,1.81,0.7692307692307692,1.69
1084,0.514705882352941,1.22,0.27692307692307694,1.28
1085,0.6617647058823528,1.37,0.5538461538461539,1.78
1086,0.6323529411764706,1.3,0.41538461538461535,1.0
1087,0.6470588235294117,1.73,0.7384615384615385,1.5
1088,0.8382352941176469,0.9,0.7692307692307692,1.11
1089,0.7058823529411764,1.69,0.7692307692307692,1.5
1090,0.588235294117647,1.69,0.7692307692307692,1.36
1091,0.6029411764705882,2.15,0.6461538461538462,1.6
1092,0.6176470588235293,1.54,0.7230769230769231,1.35
1093,0.6176470588235293,1.47,0.676923076923077,1.61
1094,0.7058823529411764,1.2,0.7230769230769231,1.27
1095,0.676470588235294,1.6,0.7076923076923077,1.47
1096,0.32352941176470584,1.08,0.3076923076923077,1.5
1097,0.5735294117647058,1.69,0.5846153846153846,1.91
1098,0.764705882352941,1.4,0.7230769230769231,1.73
1099,0.6029411764705882,1.85,0.6615384615384616,1.76
1100,0.6911764705882352,1.19,0.6153846153846154,1.28
1101,0.3088235294117647,1.42,0.12307692307692308,1.43
1102,0.10294117647058817,0.78,0.4461538461538461,2.16
1103,0.2941176470588235,1.56,0.2923076923076924,1.91
1104,0.38235294117647056,1.54,0.4307692307692308,1.28
1105,0.32352941176470584,1.47,0.32307692307692315,1.9
1106,0.20588235294117643,1.34,0.3538461538461538,1.97
1107,0.20588235294117643,1.26,0.24615384615384617,1.33
1108,0.47058823529411753,1.17,0.32307692307692315,1.42
1109,0.38235294117647056,2.18,0.12307692307692308,1.02
1110,0.514705882352941,2.17,0.5846153846153846,1.74
1111,0.2352941176470588,1.4,0.2,1.58
1112,0.2205882352941176,1.45,0.1076923076923077,1.27
1113,0.2647058823529411,1.5,0.2153846153846154,1.55
1114,0.2647058823529411,1.56,0.2615384615384615,2.37
1115,0.4117647058823529,2.37,0.3538461538461538,1.97
1116,0.6029411764705882,1.9,0.2153846153846154,1.41
1117,0.38235294117647056,1.33,0.27692307692307694,1.5
1118,0.3529411764705882,1.84,0.046153846153846156,0.7
1119,0.2647058823529411,2.01,0.07692307692307693,1.04
1120,0.2647058823529411,1.56,0.18461538461538463,1.08
1121,0.33823529411764697,1.76,0.1076923076923077,1.1
1122,0.764705882352941,1.94,0.5846153846153846,1.5
1123,0.2205882352941176,1.64,0.23076923076923078,1.97
1124,0.5588235294117647,1.62,0.5384615384615384,1.22
1125,0.4852941176470589,1.14,0.2153846153846154,1.41
1126,0.33823529411764697,1.81,0.24615384615384617,1.25
1127,0.2647058823529411,1.62,0.2153846153846154,1.55
1128,0.3088235294117647,1.55,0.16923076923076924,1.49
1129,0.27941176470588236,1.75,0.12307692307692308,0.66
1130,0.32352941176470584,1.17,0.23076923076923078,1.58
1131,0.42647058823529405,1.69,0.27692307692307694,1.96
1132,0.44117647058823517,1.62,0.27692307692307694,0.66
1133,0.4999999999999999,2.05,0.12307692307692308,1.96
1134,0.3676470588235293,1.87,0.07692307692307693,1.04
1135,0.2205882352941176,1.51,0.16923076923076924,1.35
1136,0.42647058823529405,1.36,0.27692307692307694,1.91
1137,0.3970588235294117,1.42,0.4,1.33
1138,0.4117647058823529,1.56,0.32307692307692315,1.79
1139,0.514705882352941,1.92,0.13846153846153847,1.02
1140,0.6323529411764706,1.45,0.5846153846153846,1.43
1141,0.42647058823529405,1.36,0.3076923076923077,1.28
1142,0.2352941176470588,1.66,0.07692307692307693,1.3
1143,0.32352941176470584,1.4,0.5384615384615384,1.76
1144,0.3088235294117647,1.49,0.46153846153846156,1.62
1145,0.4558823529411764,1.95,0.12307692307692308,1.2
1146,0.14705882352941177,1.2,0.27692307692307694,1.62
1147,0.44117647058823517,1.5,0.3076923076923077,1.2
1148,0.2647058823529411,1.85,0.2153846153846154,1.41
1149,0.3529411764705882,1.73,0.15384615384615385,1.36
1150,0.3676470588235293,1.7,0.1076923076923077,0.64
1151,0.4999999999999999,1.73,0.6153846153846154,1.2
1152,0.6617647058823528,1.58,0.6153846153846154,1.28
1153,0.33823529411764697,1.81,0.13846153846153847,0.67
1154,0.33823529411764697,1.7,0.4307692307692308,1.56
1155,0.38235294117647056,1.66,0.41538461538461535,1.0
1156,0.7941176470588235,1.34,0.6153846153846154,2.2
1157,0.7794117647058824,0.94,0.6923076923076923,1.37
1158,0.676470588235294,1.33,0.7076923076923077,1.78
1159,0.6176470588235293,1.94,0.676923076923077,1.67
1160,0.7058823529411764,0.66,0.5846153846153846,1.5
1161,0.3676470588235293,1.87,0.13846153846153847,1.5
1162,0.2941176470588235,1.11,0.3384615384615385,1.72
1163,0.676470588235294,1.89,0.5692307692307692,1.49
1164,0.2941176470588235,1.56,0.23076923076923078,1.22
1165,0.27941176470588236,1.43,0.18461538461538463,1.17
1166,0.44117647058823517,1.85,0.2615384615384615,1.9
1167,0.2941176470588235,1.8,0.18461538461538463,1.25
1168,0.4117647058823529,2.54,0.2615384615384615,1.68
1169,0.33823529411764697,1.7,0.18461538461538463,1.25
1170,0.2205882352941176,1.7,0.07692307692307693,0.94
1171,0.2941176470588235,1.56,0.046153846153846156,1.04
1172,0.33823529411764697,2.02,0.13846153846153847,1.5
1173,0.3970588235294117,1.49,0.36923076923076925,2.05
1174,0.2941176470588235,2.15,0.2615384615384615,1.79
1175,0.3088235294117647,1.27,0.27692307692307694,1.02
1176,0.4852941176470589,1.81,0.16923076923076924,1.62
1177,0.5294117647058824,2.14,0.2615384615384615,1.9
1178,0.4852941176470589,2.12,0.4461538461538461,1.96
1179,0.2647058823529411,1.02,0.3846153846153846,1.37
1180,0.24999999999999992,1.62,0.15384615384615385,1.02
1181,0.3088235294117647,1.42,0.4307692307692308,1.91
1182,0.16176470588235295,1.35,0.09230769230769231,1.17
1183,0.3088235294117647,2.1,0.24615384615384617,1.89
1184,0.38235294117647056,1.6,0.1076923076923077,1.27
1185,0.676470588235294,1.6,0.49230769230769234,1.47
1186,0.3088235294117647,1.55,0.046153846153846156,0.83
1187,0.4117647058823529,1.96,0.3846153846153846,1.81
1188,0.4558823529411764,1.85,0.2615384615384615,1.42
1189,0.47058823529411753,1.78,0.24615384615384617,1.4
1190,0.27941176470588236,1.75,0.09230769230769231,0.87
1191,0.4117647058823529,1.85,0.15384615384615385,1.2
1192,0.3088235294117647,1.95,0.2,1.22
1193,0.4117647058823529,1.43,0.3538461538461538,1.45
1194,0.2647058823529411,1.43,0.13846153846153847,1.2
1195,0.38235294117647056,2.23,0.36923076923076925,1.48
1196,0.32352941176470584,1.6,0.16923076923076924,1.55
1197,0.33823529411764697,1.64,0.18461538461538463,1.54
1198,0.27941176470588236,2.06,0.03076923076923077,0.98
1199,0.42647058823529405,1.96,0.2923076923076924,1.36
1200,0.2352941176470588,1.08,0.3076923076923077,1.43
1201,0.6470588235294117,1.61,0.6000000000000001,1.12
1202,0.3676470588235293,1.97,0.16923076923076924,1.35
1203,0.3529411764705882,1.41,0.27692307692307694,1.28
1204,0.7352941176470587,0.92,0.6000000000000001,1.28
1205,0.6470588235294117,1.67,0.6307692307692309,1.62
1206,0.514705882352941,1.7,0.6461538461538462,1.6
1207,0.4558823529411764,1.68,0.27692307692307694,1.74
1208,0.676470588235294,1.08,0.46153846153846156,1.11
1209,0.4117647058823529,1.62,0.16923076923076924,0.78
1210,0.32352941176470584,2.04,0.12307692307692308,1.2
1211,0.5735294117647058,1.43,0.476923076923077,1.55
1212,0.27941176470588236,1.43,0.16923076923076924,1.27
1213,0.2205882352941176,1.22,0.18461538461538463,1.25
1214,0.676470588235294,1.08,0.5692307692307692,1.49
1215,0.676470588235294,1.17,0.6153846153846154,1.36
1216,0.5735294117647058,1.36,0.5692307692307692,1.73
1217,0.33823529411764697,1.58,0.15384615384615385,1.02
1218,0.33823529411764697,1.92,0.3846153846153846,1.81
1219,0.3970588235294117,1.27,0.09230769230769231,1.17
1220,0.2941176470588235,1.56,0.09230769230769231,1.08
1221,0.5588235294117647,0.8,0.5692307692307692,1.0
1222,0.3676470588235293,2.02,0.24615384615384617,1.66
1223,0.44117647058823517,1.91,0.6153846153846154,1.74
1224,0.676470588235294,1.72,0.8,1.33
1225,0.2647058823529411,1.85,0.46153846153846156,2.15
1226,0.33823529411764697,1.58,0.3384615384615385,1.66
1227,0.4558823529411764,1.79,0.6307692307692309,1.85
1228,0.5588235294117647,1.43,0.2615384615384615,1.19
1229,0.5294117647058824,1.66,0.41538461538461535,1.68
1230,0.5441176470588235,1.42,0.32307692307692315,1.49
1231,0.5735294117647058,1.5,0.7538461538461538,1.2
1232,0.7794117647058824,0.83,0.7230769230769231,1.42
1233,0.5735294117647058,1.28,0.49230769230769234,1.47
1234,0.44117647058823517,1.43,0.2153846153846154,0.89
1235,0.4852941176470589,1.22,0.6461538461538462,1.17
1236,0.42647058823529405,1.02,0.5076923076923078,1.04
1237,0.3676470588235293,1.37,0.2615384615384615,1.27
1238,0.5735294117647058,1.36,0.5384615384615384,1.81
1239,0.6911764705882352,2.0,0.7846153846153847,1.73
1240,0.16176470588235295,1.19,0.15384615384615385,0.8
1241,0.3676470588235293,1.37,0.32307692307692315,1.62
1242,0.4558823529411764,0.9,0.41538461538461535,1.35
1243,0.6176470588235293,1.4,0.6307692307692309,1.55
1244,0.44117647058823517,1.5,0.32307692307692315,1.27
1245,0.7058823529411764,1.91,0.5692307692307692,2.0
1246,0.42647058823529405,1.8,0.23076923076923078,1.58
1247,0.4117647058823529,1.91,0.7230769230769231,1.85
1248,0.3088235294117647,1.35,0.2153846153846154,1.26
1249,0.514705882352941,1.76,0.6153846153846154,1.8
1250,0.7941176470588235,1.41,0.8923076923076925,0.92
1251,0.7794117647058824,0.83,0.7230769230769231,0.78
1252,0.5294117647058824,0.87,0.5384615384615384,1.04
1253,0.3676470588235293,1.3,0.2153846153846154,1.0
1254,0.4558823529411764,1.79,0.7076923076923077,2.23
1255,0.2647058823529411,2.32,0.06153846153846154,0.81
1256,0.6029411764705882,1.27,0.6000000000000001,1.69
1257,0.4999999999999999,1.18,0.3384615384615385,1.25
1258,0.6029411764705882,1.62,0.6153846153846154,1.74
1259,0.2941176470588235,1.5,0.18461538461538463,1.08
1260,0.8235294117647057,0.75,0.7538461538461538,1.43
1261,0.32352941176470584,1.83,0.23076923076923078,1.37
1262,0.42647058823529405,1.8,0.49230769230769234,1.4
1263,0.6176470588235293,1.47,0.5384615384615384,1.22
1264,0.44117647058823517,1.96,0.3076923076923077,1.96
1265,0.6176470588235293,1.4,0.6000000000000001,1.12
1266,0.588235294117647,0.66,0.5384615384615384,1.14
1267,0.42647058823529405,1.69,0.32307692307692315,1.55
1268,0.5441176470588235,1.42,0.32307692307692315,1.55
1269,0.27941176470588236,1.2,0.4307692307692308,1.56
1270,0.44117647058823517,1.02,0.5692307692307692,1.49
1271,0.44117647058823517,1.2,0.476923076923077,1.0
1272,0.3529411764705882,1.48,0.24615384615384617,1.33
1273,0.47058823529411753,2.18,0.6153846153846154,1.69
1274,0.6470588235294117,1.48,0.5846153846153846,1.11
1275,0.27941176470588236,1.63,0.18461538461538463,1.25
1276,0.47058823529411753,1.08,0.6000000000000001,0.81
1277,0.19117647058823525,1.14,0.09230769230769231,1.17
1278,0.514705882352941,1.58,0.3846153846153846,1.64
1279,0.588235294117647,1.8,0.4,1.33
1280,0.6323529411764706,1.7,0.5846153846153846,1.43
1281,0.5588235294117647,1.36,0.4461538461538461,1.86
1282,0.764705882352941,1.54,0.7384615384615385,1.43
1283,0.24999999999999992,1.79,0.5538461538461539,1.47
1284,0.6911764705882352,1.42,0.7692307692307692,1.28
1285,0.514705882352941,1.81,0.5076923076923078,1.92
1286,0.32352941176470584,1.83,0.2153846153846154,1.34
1287,0.42647058823529405,1.36,0.41538461538461535,2.0
1288,0.5294117647058824,1.54,0.27692307692307694,1.36
1289,0.4999999999999999,1.41,0.4307692307692308,1.43
1290,0.7352941176470587,1.2,0.7692307692307692,1.36
1291,0.2941176470588235,2.01,0.13846153846153847,1.28
1292,0.588235294117647,1.91,0.5538461538461539,1.08
1293,0.6029411764705882,1.1,0.5384615384615384,1.22
1294,0.6323529411764706,1.22,0.6000000000000001,1.28
1295,0.7794117647058824,1.04,0.7384615384615385,1.8
1296,0.4999999999999999,1.34,0.6615384615384616,0.83
1297,0.47058823529411753,1.81,0.32307692307692315,1.49
1298,0.7794117647058824,0.94,0.6153846153846154,1.36
1299,0.42647058823529405,1.5,0.476923076923077,1.27
1300,0.6470588235294117,1.1,0.4461538461538461,1.2
1301,0.4117647058823529,0.92,0.18461538461538463,1.47
1302,0.4117647058823529,1.62,0.3384615384615385,1.72
1303,0.6617647058823528,1.81,0.7538461538461538,1.43
1304,0.5294117647058824,1.72,0.7230769230769231,1.68
1305,0.4558823529411764,2.0,0.7076923076923077,1.25
1306,0.5441176470588235,1.49,0.5692307692307692,1.68
1307,0.514705882352941,0.94,0.5846153846153846,1.69
1308,0.6176470588235293,1.08,0.5692307692307692,1.68
1309,0.7205882352941175,1.02,0.8923076923076925,0.92
1310,0.514705882352941,1.3,0.4307692307692308,1.62
1311,0.3676470588235293,1.3,0.2923076923076924,1.36
1312,0.5441176470588235,1.1,0.36923076923076925,2.19
1313,0.38235294117647056,1.25,0.2153846153846154,0.89
1314,0.3676470588235293,1.14,0.3846153846153846,1.64
1315,0.7941176470588235,1.1,0.7384615384615385,1.69
1316,0.5294117647058824,1.6,0.36923076923076925,1.79
1317,0.5441176470588235,1.73,0.7076923076923077,1.66
1318,0.47058823529411753,1.78,0.41538461538461535,2.05
1319,0.7205882352941175,1.02,0.6153846153846154,1.36
1320,0.32352941176470584,2.39,0.7538461538461538,1.08
1321,0.42647058823529405,1.36,0.6307692307692309,1.27
1322,0.7205882352941175,0.92,0.6000000000000001,1.63
1323,0.5735294117647058,1.63,0.5230769230769231,2.0
1324,0.6617647058823528,1.51,0.7846153846153847,1.49
1325,0.6323529411764706,0.94,0.6461538461538462,1.54
1326,0.6617647058823528,0.94,0.5230769230769231,1.18
1327,0.5735294117647058,2.06,0.18461538461538463,1.47
1328,0.4117647058823529,1.85,0.16923076923076924,1.1
1329,0.5441176470588235,1.27,0.4,1.99
1330,0.6029411764705882,1.9,0.8615384615384616,0.98
1331,0.5441176470588235,1.79,0.4307692307692308,2.15
1332,0.13235294117647053,1.28,0.1076923076923077,0.64
1333,0.42647058823529405,1.86,0.6307692307692309,1.79
1334,0.32352941176470584,2.71,0.9538461538461538,1.47
1335,0.5588235294117647,1.02,0.6153846153846154,0.8
1336,0.2941176470588235,1.8,0.16923076923076924,1.55
1337,0.4999999999999999,1.48,0.7538461538461538,1.2
1338,0.676470588235294,1.25,0.7384615384615385,0.92
1339,0.8235294117647057,0.75,0.8,1.78
1340,0.7058823529411764,0.8,0.6307692307692309,1.27
1341,0.27941176470588236,1.57,0.24615384615384617,1.66
1342,0.7205882352941175,1.69,0.7384615384615385,1.28
1343,0.6470588235294117,1.0,0.5846153846153846,1.62
1344,0.6911764705882352,1.35,0.6000000000000001,1.43
1345,0.42647058823529405,1.12,0.2,0.83
1346,0.7205882352941175,1.12,0.6153846153846154,1.69
1347,0.44117647058823517,1.02,0.36923076923076925,1.0
1348,0.6176470588235293,1.25,0.7230769230769231,1.42
1349,0.5294117647058824,0.87,0.5538461538461539,0.98
1350,0.3529411764705882,0.89,0.15384615384615385,1.02
1351,0.6911764705882352,1.27,0.6615384615384616,1.22
1352,0.7499999999999999,1.49,0.7384615384615385,1.43
1353,0.5441176470588235,1.19,0.7384615384615385,1.28
1354,0.44117647058823517,1.2,0.06153846153846154,1.1
1355,0.6911764705882352,1.35,0.3384615384615385,2.18
1356,0.5294117647058824,1.94,0.5538461538461539,2.27
1357,0.42647058823529405,1.5,0.676923076923077,1.79
1358,0.6470588235294117,1.34,0.676923076923077,1.48
1359,0.2941176470588235,1.74,0.27692307692307694,1.69
1360,0.5735294117647058,1.36,0.2,1.04
1361,0.4117647058823529,1.56,0.13846153846153847,1.43
1362,0.4117647058823529,1.56,0.5846153846153846,1.28
1363,0.514705882352941,1.37,0.3076923076923077,1.02
1364,0.3970588235294117,1.68,0.7076923076923077,0.98
1365,0.7205882352941175,1.5,0.7384615384615385,1.69
1366,0.5588235294117647,1.69,0.7230769230769231,0.9
1367,0.8088235294117646,1.37,0.8615384615384616,1.54
1368,0.2647058823529411,1.36,0.2615384615384615,2.15
1369,0.764705882352941,1.47,0.7692307692307692,1.62
1370,0.3970588235294117,1.19,0.3846153846153846,1.22
1371,0.6029411764705882,1.68,0.5846153846153846,1.69
1372,0.47058823529411753,1.47,0.5538461538461539,1.25
1373,0.7352941176470587,1.11,0.6307692307692309,1.73
1374,0.6470588235294117,1.1,0.3846153846153846,1.37
1375,0.588235294117647,1.69,0.6153846153846154,1.74
1376,0.7941176470588235,1.48,0.7692307692307692,1.43
1377,0.3088235294117647,1.85,0.23076923076923078,1.58
1378,0.5735294117647058,1.69,0.6307692307692309,1.62
1379,0.6176470588235293,1.33,0.6307692307692309,1.49
1380,0.3676470588235293,1.37,0.4461538461538461,1.57
1381,0.6617647058823528,1.92,0.8461538461538463,1.14
1382,0.47058823529411753,0.98,0.476923076923077,1.55
1383,0.588235294117647,1.28,0.2153846153846154,1.48
1384,0.6176470588235293,1.33,0.5846153846153846,1.2
1385,0.6470588235294117,1.41,0.676923076923077,1.1
1386,0.6323529411764706,1.81,0.5230769230769231,1.95
1387,0.6617647058823528,0.94,0.4461538461538461,2.11
1388,0.764705882352941,1.47,0.9538461538461538,1.08
1389,0.38235294117647056,1.47,0.2615384615384615,1.27
1390,0.6617647058823528,1.3,0.7230769230769231,1.49
1391,0.3970588235294117,1.55,0.6307692307692309,1.19
1392,0.676470588235294,1.72,0.7846153846153847,1.68
1393,0.676470588235294,0.75,0.3846153846153846,1.45
1394,0.6470588235294117,1.34,0.3846153846153846,1.58
1395,0.4558823529411764,1.55,0.2923076923076924,1.2
1396,0.6617647058823528,1.7,0.676923076923077,2.05
1397,0.3970588235294117,1.49,0.2615384615384615,1.62
1398,0.7794117647058824,1.51,0.9230769230769231,1.69
1399,0.6617647058823528,1.7,0.7384615384615385,1.62
1400,0.588235294117647,1.85,0.6461538461538462,2.27
1401,0.6176470588235293,1.54,0.5692307692307692,2.1
1402,0.588235294117647,1.2,0.13846153846153847,1.28
1403,0.588235294117647,1.2,0.5384615384615384,1.37
1404,0.32352941176470584,0.98,0.16923076923076924,0.78
1405,0.3088235294117647,1.73,0.09230769230769231,0.75
1406,0.33823529411764697,1.7,0.32307692307692315,1.73
1407,0.2941176470588235,1.36,0.3384615384615385,1.25
1408,0.38235294117647056,1.54,0.5230769230769231,1.1
1409,0.4852941176470589,1.22,0.32307692307692315,2.0
1410,0.6470588235294117,1.0,0.4307692307692308,1.62
1411,0.33823529411764697,1.87,0.16923076923076924,0.46
1412,0.44117647058823517,1.11,0.24615384615384617,1.25
1413,0.3970588235294117,1.42,0.3846153846153846,1.22
1414,0.3088235294117647,1.1,0.36923076923076925,1.26
1415,0.6029411764705882,1.1,0.476923076923077,1.27
1416,0.4117647058823529,1.8,0.16923076923076924,1.1
1417,0.44117647058823517,2.2,0.12307692307692308,1.11
1418,0.3970588235294117,2.0,0.3384615384615385,2.27
1419,0.3088235294117647,1.0,0.13846153846153847,0.81
1420,0.47058823529411753,1.54,0.23076923076923078,1.37
1421,0.38235294117647056,1.89,0.24615384615384617,1.6
1422,0.3676470588235293,1.58,0.18461538461538463,0.75
1423,0.38235294117647056,1.33,0.6000000000000001,1.96
1424,0.42647058823529405,1.36,0.2923076923076924,0.92
1425,0.514705882352941,1.76,0.5538461538461539,1.89
1426,0.7352941176470587,1.62,0.7384615384615385,1.28
1427,0.4999999999999999,1.79,0.5076923076923078,2.17
1428,0.4558823529411764,1.9,0.2923076923076924,1.8
1429,0.20588235294117643,1.26,0.1076923076923077,0.9
1430,0.44117647058823517,1.36,0.24615384615384617,1.66
1431,0.3676470588235293,1.37,0.3846153846153846,1.14
1432,0.3088235294117647,1.27,0.15384615384615385,0.92
1433,0.3529411764705882,1.48,0.3076923076923077,1.43
1434,0.3088235294117647,1.68,0.18461538461538463,1.17
1435,0.2941176470588235,1.5,0.5692307692307692,1.68
1436,0.4558823529411764,1.27,0.3384615384615385,1.47
1437,0.514705882352941,1.37,0.4461538461538461,1.5
1438,0.2941176470588235,1.91,0.2,1.22
1439,0.3676470588235293,1.45,0.2,1.14
1440,0.514705882352941,1.97,0.5076923076923078,1.97
1441,0.4999999999999999,1.18,0.36923076923076925,1.55
1442,0.5441176470588235,2.19,0.18461538461538463,1.33
1443,0.6176470588235293,1.89,0.2,1.7
1444,0.44117647058823517,1.02,0.23076923076923078,1.22
1445,0.514705882352941,1.76,0.3076923076923077,1.36
1446,0.6176470588235293,0.75,0.24615384615384617,1.25
1447,0.4117647058823529,1.62,0.3846153846153846,1.7
1448,0.4117647058823529,1.43,0.4307692307692308,2.15
1449,0.44117647058823517,1.2,0.3846153846153846,1.22
1450,0.6029411764705882,1.42,0.5230769230769231,1.79
1451,0.514705882352941,1.58,0.49230769230769234,1.83
1452,0.38235294117647056,1.25,0.3538461538461538,1.45
1453,0.3529411764705882,1.79,0.3384615384615385,1.72
1454,0.5294117647058824,1.6,0.3076923076923077,1.43
1455,0.3676470588235293,1.87,0.4,1.33
1456,0.3970588235294117,1.62,0.09230769230769231,0.75
1457,0.5588235294117647,1.56,0.49230769230769234,1.6
1458,0.38235294117647056,1.54,0.476923076923077,1.35
1459,0.5588235294117647,1.85,0.5384615384615384,1.87
1460,0.47058823529411753,1.4,0.3538461538461538,1.51
1461,0.5441176470588235,1.35,0.4,1.72
1462,0.47058823529411753,1.17,0.3538461538461538,0.83
1463,0.24999999999999992,1.42,0.2153846153846154,1.79
1464,0.47058823529411753,1.6,0.4307692307692308,1.62
1465,0.5294117647058824,1.17,0.32307692307692315,1.1
1466,0.6617647058823528,0.7,0.4461538461538461,1.36
1467,0.3529411764705882,1.1,0.4,1.08
1468,0.3088235294117647,1.42,0.06153846153846154,1.0
1469,0.2205882352941176,1.64,0.24615384615384617,1.6
1470,0.514705882352941,1.37,0.24615384615384617,1.6
1471,0.8382352941176469,1.19,0.8,0.98
1472,0.4999999999999999,1.48,0.5538461538461539,1.08
1473,0.6617647058823528,1.7,0.676923076923077,1.79
1474,0.7352941176470587,0.92,0.7384615384615385,1.11
1475,0.3970588235294117,1.19,0.24615384615384617,0.98
1476,0.42647058823529405,2.11,0.5384615384615384,1.87
1477,0.514705882352941,1.45,0.4461538461538461,1.36
1478,0.514705882352941,1.14,0.2923076923076924,1.36
1479,0.4999999999999999,1.18,0.5384615384615384,1.51
1480,0.47058823529411753,1.89,0.5692307692307692,1.42
1481,0.33823529411764697,1.45,0.32307692307692315,1.49
1482,0.3970588235294117,1.68,0.27692307692307694,1.43
1483,0.33823529411764697,1.87,0.3384615384615385,1.17
1484,0.4117647058823529,1.36,0.3384615384615385,1.4
1485,0.4558823529411764,1.35,0.3384615384615385,1.17
1486,0.3088235294117647,1.62,0.2,1.04
1487,0.3970588235294117,1.85,0.12307692307692308,0.8
1488,0.4852941176470589,1.64,0.3538461538461538,0.94
1489,0.4852941176470589,1.37,0.46153846153846156,1.43
1490,0.32352941176470584,1.47,0.23076923076923078,1.76
1491,0.47058823529411753,1.33,0.5538461538461539,1.83
1492,0.24999999999999992,1.85,0.18461538461538463,0.75
1493,0.3529411764705882,1.34,0.6923076923076923,1.7
1494,0.4852941176470589,1.45,0.3384615384615385,1.54
1495,0.4117647058823529,1.11,0.3538461538461538,1.51
1496,0.6617647058823528,1.64,0.6461538461538462,1.47
1497,0.4117647058823529,1.74,0.3076923076923077,1.36
1498,0.47058823529411753,1.25,0.3384615384615385,1.78
1499,0.47058823529411753,1.33,0.4461538461538461,1.2
1500,0.32352941176470584,1.72,0.24615384615384617,1.94
1501,0.4999999999999999,1.95,0.5076923076923078,1.97
1502,0.8235294117647057,0.98,0.8307692307692309,1.34
1503,0.6323529411764706,1.14,0.3846153846153846,2.3
1504,0.6470588235294117,1.79,0.6615384615384616,1.51
1505,0.38235294117647056,1.08,0.5076923076923078,1.58
1506,0.4999999999999999,1.18,0.49230769230769234,0.87
1507,0.5735294117647058,0.92,0.6307692307692309,0.9
1508,0.6323529411764706,1.64,0.5692307692307692,1.49
1509,0.6323529411764706,1.14,0.5846153846153846,1.8
1510,0.3676470588235293,1.45,0.6153846153846154,1.02
1511,0.5735294117647058,1.57,0.6153846153846154,1.91
1512,0.32352941176470584,1.72,0.5538461538461539,1.25
1513,0.6617647058823528,1.22,0.7230769230769231,1.19
1514,0.44117647058823517,1.96,0.5846153846153846,1.36
1515,0.4117647058823529,1.28,0.49230769230769234,1.4
1516,0.588235294117647,1.62,0.5076923076923078,1.76
1517,0.6470588235294117,1.67,0.5230769230769231,1.67
1518,0.6617647058823528,1.45,0.7230769230769231,1.55
1519,0.4999999999999999,1.48,0.6153846153846154,1.02
1520,0.5441176470588235,1.27,0.5692307692307692,1.0
1521,0.47058823529411753,1.08,0.5076923076923078,0.83
1522,0.5294117647058824,1.4,0.6307692307692309,1.1
1523,0.7794117647058824,1.45,0.49230769230769234,1.72
1524,0.588235294117647,1.43,0.4307692307692308,2.11
1525,0.42647058823529405,1.12,0.4461538461538461,1.5
1526,0.6323529411764706,1.45,0.6615384615384616,1.7
1527,0.42647058823529405,1.02,0.476923076923077,1.0
1528,0.5735294117647058,1.86,0.46153846153846156,2.11
1529,0.5588235294117647,1.96,0.6307692307692309,1.73
1530,0.676470588235294,0.98,0.4,1.33
1531,0.514705882352941,1.92,0.49230769230769234,2.14
1532,0.6176470588235293,1.33,0.6153846153846154,1.8
1533,0.5294117647058824,1.83,0.5692307692307692,1.95
1534,0.6029411764705882,0.9,0.6307692307692309,1.35
1535,0.5588235294117647,1.2,0.5692307692307692,1.1
1536,0.47058823529411753,1.08,0.27692307692307694,1.69
1537,0.6323529411764706,1.14,0.27692307692307694,1.11
1538,0.6911764705882352,1.19,0.476923076923077,1.35
1539,0.4117647058823529,2.01,0.476923076923077,2.0
1540,0.6029411764705882,1.9,0.5384615384615384,1.92
1541,0.5294117647058824,1.08,0.46153846153846156,1.56
1542,0.5735294117647058,1.8,0.6000000000000001,1.43
1543,0.6617647058823528,1.45,0.5846153846153846,1.8
1544,0.7058823529411764,1.74,0.5846153846153846,1.62
1545,0.47058823529411753,1.47,0.49230769230769234,1.25
1546,0.5441176470588235,1.19,0.4307692307692308,1.02
1547,0.3529411764705882,1.67,0.6461538461538462,1.89
1548,0.44117647058823517,1.02,0.32307692307692315,1.35
1549,0.4852941176470589,1.81,0.5538461538461539,1.72
1550,0.47058823529411753,1.66,0.32307692307692315,1.1
1551,0.588235294117647,1.8,0.5846153846153846,1.56
1552,0.588235294117647,1.56,0.6153846153846154,1.36
1553,0.588235294117647,1.69,0.6615384615384616,1.58
1554,0.6176470588235293,1.47,0.4461538461538461,2.16
1555,0.4117647058823529,1.36,0.2,1.04
1556,0.4558823529411764,2.0,0.6923076923076923,1.45
1557,0.5735294117647058,1.86,0.7230769230769231,1.42
1558,0.2647058823529411,1.56,0.6615384615384616,1.14
1559,0.6176470588235293,0.98,0.5538461538461539,1.6
1560,0.5294117647058824,0.98,0.5538461538461539,1.4
1561,0.4999999999999999,1.9,0.676923076923077,1.41
1562,0.47058823529411753,2.04,0.7230769230769231,1.42
1563,0.514705882352941,2.07,0.6307692307692309,1.79
1564,0.6617647058823528,1.81,0.7384615384615385,1.43
1565,0.44117647058823517,1.36,0.5076923076923078,1.76
1566,0.676470588235294,0.98,0.5692307692307692,1.0
1567,0.3529411764705882,1.48,0.5230769230769231,1.26
1568,0.5588235294117647,2.2,0.676923076923077,1.61
1569,0.588235294117647,1.5,0.6461538461538462,1.25
1570,0.5294117647058824,1.47,0.46153846153846156,1.74
1571,0.4117647058823529,2.06,0.8153846153846154,1.14
1572,0.5735294117647058,2.16,0.5230769230769231,2.45
1573,0.4852941176470589,1.37,0.3076923076923077,1.8
1574,0.6323529411764706,1.64,0.5846153846153846,1.69
1575,0.5294117647058824,1.47,0.5384615384615384,1.51
1576,0.5588235294117647,0.8,0.3538461538461538,1.45
1577,0.5294117647058824,1.89,0.476923076923077,1.73
1578,0.6323529411764706,0.3,0.49230769230769234,1.54
1579,0.6176470588235293,1.72,0.5076923076923078,1.92
1580,0.6617647058823528,1.04,0.5538461538461539,1.08
1581,0.7205882352941175,1.28,0.6923076923076923,1.37
1582,0.6323529411764706,1.22,0.5846153846153846,1.5
1583,0.588235294117647,1.56,0.5538461538461539,1.99
1584,0.4852941176470589,1.37,0.46153846153846156,1.8
1585,0.4999999999999999,1.95,0.3538461538461538,1.64
1586,0.3970588235294117,1.62,0.5230769230769231,1.1
1587,0.4999999999999999,1.0,0.6000000000000001,1.28
1588,0.4852941176470589,1.64,0.6461538461538462,1.54
1589,0.6176470588235293,1.47,0.6923076923076923,1.04
1590,0.38235294117647056,1.6,0.7076923076923077,1.17
1591,0.6323529411764706,0.94,0.476923076923077,1.42
1592,0.6617647058823528,1.92,0.7384615384615385,1.8
1593,0.4558823529411764,1.62,0.2923076923076924,1.57
1594,0.588235294117647,1.43,0.5846153846153846,1.69
1595,0.588235294117647,1.85,0.6615384615384616,1.51
1596,0.5735294117647058,1.8,0.5384615384615384,1.87
1597,0.5735294117647058,1.02,0.5230769230769231,0.89
1598,0.3970588235294117,2.19,0.6000000000000001,1.57
1599,0.2941176470588235,1.74,0.3846153846153846,1.45
1600,0.588235294117647,1.11,0.6153846153846154,1.11
1601,0.4999999999999999,1.67,0.5692307692307692,1.73
1602,0.4999999999999999,1.95,0.32307692307692315,1.9
1603,0.5588235294117647,0.92,0.3538461538461538,1.3
1604,0.42647058823529405,1.5,0.3076923076923077,0.8
1605,0.588235294117647,1.85,0.36923076923076925,1.95
1606,0.588235294117647,0.8,0.5076923076923078,1.04
1607,0.42647058823529405,2.01,0.2153846153846154,1.67
1608,0.42647058823529405,2.29,0.8307692307692309,1.34
1609,0.7058823529411764,1.43,0.7538461538461538,1.57
1610,0.7058823529411764,1.2,0.3846153846153846,1.45
1611,0.6029411764705882,2.0,0.7076923076923077,1.6
1612,0.32352941176470584,0.98,0.23076923076923078,1.45
1613,0.676470588235294,2.09,0.7692307692307692,1.62
1614,0.7352941176470587,0.97,0.46153846153846156,1.35
1615,0.6029411764705882,0.78,0.46153846153846156,1.62
1616,0.47058823529411753,2.04,0.6000000000000001,1.86
1617,0.6617647058823528,1.64,0.6615384615384616,1.81
1618,0.6617647058823528,1.64,0.3538461538461538,1.22
1619,0.5294117647058824,1.54,0.5692307692307692,1.55
1620,0.6911764705882352,1.49,0.6307692307692309,1.68
1621,0.6617647058823528,1.7,0.676923076923077,1.55
1622,0.6470588235294117,1.73,0.6615384615384616,1.81
1623,0.588235294117647,1.69,0.5692307692307692,1.95
1624,0.6029411764705882,1.73,0.7384615384615385,1.62
1625,0.4852941176470589,1.22,0.4307692307692308,1.56
1626,0.6617647058823528,1.64,0.676923076923077,1.55
1627,0.4117647058823529,1.56,0.3538461538461538,1.64
1628,0.4558823529411764,1.49,0.49230769230769234,1.4
1629,0.7058823529411764,0.8,0.7230769230769231,1.0
1630,0.6470588235294117,1.0,0.5846153846153846,1.5
1631,0.6029411764705882,1.27,0.49230769230769234,1.4
1632,0.5294117647058824,0.87,0.27692307692307694,0.8
1633,0.7205882352941175,1.36,0.7230769230769231,1.35
1634,0.5735294117647058,1.8,0.6923076923076923,1.7
1635,0.764705882352941,1.08,0.6923076923076923,1.3
1636,0.44117647058823517,1.8,0.5538461538461539,1.83
1637,0.5735294117647058,0.92,0.3076923076923077,1.02
1638,0.6323529411764706,2.12,0.3538461538461538,1.76
1639,0.5441176470588235,1.42,0.5692307692307692,1.62
1640,0.7352941176470587,1.74,0.6923076923076923,1.76
1641,0.44117647058823517,1.11,0.5692307692307692,1.19
1642,0.514705882352941,1.45,0.5076923076923078,1.51
1643,0.4117647058823529,1.56,0.41538461538461535,1.79
1644,0.4999999999999999,1.18,0.6615384615384616,0.94
1645,0.6176470588235293,1.99,0.6307692307692309,1.68
1646,0.42647058823529405,1.36,0.32307692307692315,1.73
1647,0.8088235294117646,0.83,0.6461538461538462,1.54
1648,0.33823529411764697,1.58,0.13846153846153847,1.02
1649,0.6617647058823528,1.22,0.676923076923077,1.67
1650,0.6323529411764706,1.04,0.476923076923077,1.19
1651,0.47058823529411753,0.98,0.676923076923077,1.18
1652,0.8235294117647057,0.98,0.7230769230769231,1.62
1653,0.3970588235294117,1.0,0.23076923076923078,0.94
1654,0.47058823529411753,1.13,0.23076923076923078,0.74
1655,0.6617647058823528,1.45,0.6923076923076923,1.45
1656,0.4558823529411764,1.79,0.36923076923076925,1.41
1657,0.588235294117647,1.69,0.6307692307692309,1.85
1658,0.676470588235294,1.83,0.6615384615384616,1.81
1659,0.44117647058823517,1.91,0.46153846153846156,1.91
1660,0.5294117647058824,1.47,0.6000000000000001,1.43
1661,0.6029411764705882,1.62,0.7230769230769231,1.42
1662,0.6617647058823528,1.45,0.676923076923077,1.84
1663,0.44117647058823517,1.69,0.5076923076923078,1.76
1664,0.38235294117647056,1.72,0.36923076923076925,1.48
1665,0.588235294117647,1.62,0.6307692307692309,1.79
1666,0.32352941176470584,1.47,0.2615384615384615,1.42
1667,0.6470588235294117,1.41,0.9076923076923078,1.02
1668,0.5735294117647058,1.63,0.6000000000000001,1.5
1669,0.5735294117647058,1.36,0.5076923076923078,2.02
1670,0.6323529411764706,1.04,0.5846153846153846,1.28
1671,0.38235294117647056,1.08,0.2615384615384615,1.0
1672,0.4117647058823529,1.5,0.15384615384615385,1.2
1673,0.6617647058823528,1.14,0.6615384615384616,1.87
1674,0.4999999999999999,1.48,0.5692307692307692,1.42
1675,0.5735294117647058,1.96,0.6307692307692309,1.85
1676,0.588235294117647,1.11,0.5076923076923078,1.3
1677,0.764705882352941,1.54,0.7384615384615385,1.11
1678,0.514705882352941,1.7,0.4,1.25
1679,0.5588235294117647,1.2,0.6153846153846154,1.2
1680,0.764705882352941,1.17,0.6923076923076923,1.37
1681,0.4999999999999999,1.73,0.2923076923076924,1.28
1682,0.6617647058823528,1.04,0.6461538461538462,1.17
1683,0.6470588235294117,0.77,0.49230769230769234,1.33
1684,0.514705882352941,1.51,0.5230769230769231,2.19
1685,0.5588235294117647,2.06,0.4461538461538461,1.57
1686,0.3088235294117647,1.62,0.2615384615384615,1.62
1687,0.514705882352941,1.76,0.476923076923077,1.55
1688,0.5294117647058824,1.89,0.476923076923077,1.62
1689,0.8088235294117646,0.83,0.7384615384615385,1.11
1690,0.5588235294117647,1.91,0.46153846153846156,1.8
1691,0.3088235294117647,1.27,0.3076923076923077,1.02
1692,0.32352941176470584,1.47,0.2615384615384615,1.9
1693,0.4117647058823529,1.62,0.3384615384615385,0.75
1694,0.42647058823529405,2.84,0.6923076923076923,2.17
1695,0.6029411764705882,1.49,0.6153846153846154,1.74
1696,0.32352941176470584,1.17,0.2615384615384615,1.35
1697,0.24999999999999992,1.27,0.18461538461538463,0.87
1698,0.42647058823529405,1.36,0.4461538461538461,1.43
1699,0.514705882352941,1.76,0.5230769230769231,1.95
1700,0.588235294117647,1.5,0.5230769230769231,1.79
1701,0.3529411764705882,1.55,0.23076923076923078,1.51
1702,0.3676470588235293,1.3,0.3538461538461538,1.81
1703,0.5441176470588235,1.42,0.7846153846153847,2.1
1704,0.5441176470588235,1.62,0.7384615384615385,1.11
1705,0.3529411764705882,1.34,0.4307692307692308,1.43
1706,0.4852941176470589,1.81,0.36923076923076925,1.9
1707,0.27941176470588236,1.28,0.36923076923076925,1.26
1708,0.38235294117647056,1.4,0.3076923076923077,1.43
1709,0.3529411764705882,2.0,0.3384615384615385,1.94
1710,0.2941176470588235,1.02,0.2,0.94
1711,0.4999999999999999,1.1,0.24615384615384617,1.47
1712,0.4117647058823529,1.69,0.2,1.22
1713,0.676470588235294,1.4,0.6307692307692309,1.27
1714,0.6617647058823528,0.7,0.36923076923076925,1.61
1715,0.6323529411764706,1.22,0.6153846153846154,1.62
1716,0.6176470588235293,1.47,0.5846153846153846,1.28
1717,0.6470588235294117,0.89,0.49230769230769234,1.33
1718,0.4558823529411764,1.49,0.2923076923076924,1.91
1719,0.4999999999999999,1.61,0.2615384615384615,1.49
1720,0.8676470588235293,0.92,0.676923076923077,1.48
1721,0.38235294117647056,1.25,0.2,1.14
1722,0.4999999999999999,1.48,0.23076923076923078,1.22
1723,0.3970588235294117,1.27,0.27692307692307694,1.28
1724,0.3088235294117647,1.79,0.2615384615384615,1.49
1725,0.5294117647058824,1.33,0.4307692307692308,1.36
1726,0.44117647058823517,1.28,0.24615384615384617,1.17
1727,0.4852941176470589,1.3,0.476923076923077,1.42
1728,0.2205882352941176,1.45,0.476923076923077,2.28
1729,0.514705882352941,1.97,0.5846153846153846,1.56
1730,0.5441176470588235,0.9,0.3538461538461538,1.51
1731,0.38235294117647056,1.08,0.3076923076923077,1.5
1732,0.38235294117647056,1.6,0.2153846153846154,1.1
1733,0.32352941176470584,1.83,0.2615384615384615,1.55
1734,0.514705882352941,1.58,0.5538461538461539,1.72
1735,0.4558823529411764,1.49,0.2153846153846154,1.18
1736,0.4558823529411764,1.49,0.23076923076923078,0.94
1737,0.2941176470588235,1.62,0.3076923076923077,1.36
1738,0.17647058823529407,1.6,0.49230769230769234,1.72
1739,0.3088235294117647,1.55,0.18461538461538463,1.17
1740,0.5441176470588235,1.49,0.41538461538461535,1.55
1741,0.24999999999999992,1.49,0.2923076923076924,1.36
1742,0.764705882352941,0.98,0.5384615384615384,1.58
1743,0.764705882352941,0.98,0.7538461538461538,1.2
1744,0.4852941176470589,0.94,0.41538461538461535,0.9
1745,0.8088235294117646,0.94,0.6615384615384616,1.7
1746,0.6029411764705882,1.19,0.49230769230769234,1.17
1747,0.3970588235294117,1.35,0.2,1.14
1748,0.5588235294117647,0.66,0.3846153846153846,1.22
1749,0.7499999999999999,1.42,0.46153846153846156,0.92
1750,0.4558823529411764,1.35,0.5692307692307692,1.49
1751,0.3676470588235293,1.14,0.41538461538461535,1.55
1752,0.5735294117647058,2.25,0.6923076923076923,1.81
1753,0.2352941176470588,1.25,0.27692307692307694,1.5
1754,0.38235294117647056,1.54,0.12307692307692308,1.02
1755,0.7058823529411764,1.62,0.6307692307692309,1.19
1756,0.4117647058823529,1.36,0.3538461538461538,1.22
1757,0.4999999999999999,0.77,0.23076923076923078,0.83
1758,0.5588235294117647,1.02,0.2153846153846154,1.0
1759,0.5588235294117647,1.28,0.476923076923077,1.55
1760,0.3970588235294117,1.68,0.3846153846153846,1.64
1761,0.926470588235294,0.83,0.8461538461538463,1.22
1762,0.6617647058823528,1.81,0.5846153846153846,1.91
1763,0.4117647058823529,1.11,0.2923076923076924,1.02
1764,0.4852941176470589,1.81,0.36923076923076925,1.61
1765,0.6176470588235293,0.98,0.46153846153846156,1.02
1766,0.3088235294117647,1.19,0.2153846153846154,1.1
1767,0.32352941176470584,1.78,0.12307692307692308,1.36
1768,0.3676470588235293,1.64,0.23076923076923078,1.37
1769,0.6323529411764706,1.37,0.5692307692307692,1.42
1770,0.42647058823529405,1.63,0.2,1.37
1771,0.4852941176470589,0.94,0.5692307692307692,1.0
1772,0.588235294117647,1.62,0.41538461538461535,1.35
1773,0.5588235294117647,1.56,0.3846153846153846,1.58
1774,0.4852941176470589,1.58,0.49230769230769234,1.47
1775,0.44117647058823517,1.02,0.2153846153846154,0.77
1776,0.47058823529411753,1.94,0.3384615384615385,1.66
1777,0.5441176470588235,1.73,0.4307692307692308,1.8
1778,0.4117647058823529,1.5,0.24615384615384617,1.99
1779,0.6029411764705882,1.9,0.2,0.94
1780,0.47058823529411753,1.33,0.2923076923076924,1.2
1781,0.38235294117647056,1.83,0.16923076923076924,1.1
1782,0.4558823529411764,1.68,0.5538461538461539,1.89
1783,0.38235294117647056,1.47,0.2615384615384615,1.1
1784,0.5735294117647058,1.2,0.5384615384615384,1.58
1785,0.588235294117647,0.8,0.5538461538461539,1.17
1786,0.38235294117647056,1.94,0.23076923076923078,1.58
1787,0.33823529411764697,1.64,0.27692307692307694,1.2
1788,0.2941176470588235,1.74,0.676923076923077,2.37
1789,0.6323529411764706,1.04,0.5384615384615384,0.94
1790,0.32352941176470584,1.99,0.2615384615384615,1.49
1791,0.5441176470588235,1.79,0.2615384615384615,1.1
1792,0.6617647058823528,0.54,0.5384615384615384,1.04
1793,0.514705882352941,0.83,0.4,0.87
1794,0.38235294117647056,0.98,0.32307692307692315,1.1
1795,0.33823529411764697,1.3,0.2153846153846154,1.0
1796,0.6176470588235293,1.6,0.676923076923077,1.55
1797,0.2941176470588235,1.11,0.3846153846153846,1.81
1798,0.6029411764705882,0.64,0.36923076923076925,1.48
1799,0.6176470588235293,0.87,0.4461538461538461,1.28
1800,0.2647058823529411,1.62,0.15384615384615385,1.02
1801,0.2647058823529411,1.5,0.18461538461538463,1.6
1802,0.6029411764705882,1.55,0.7692307692307692,1.69
1803,0.3676470588235293,1.58,0.3076923076923077,1.36
1804,0.6029411764705882,1.1,0.6615384615384616,0.94
1805,0.6029411764705882,1.27,0.5076923076923078,1.22
1806,0.7205882352941175,1.36,0.7076923076923077,1.33
1807,0.6029411764705882,0.9,0.5692307692307692,1.0
1808,0.5588235294117647,1.74,0.5692307692307692,1.79
1809,0.3529411764705882,1.34,0.3846153846153846,1.22
1810,0.3676470588235293,0.94,0.36923076923076925,1.41
1811,0.44117647058823517,1.91,0.476923076923077,1.73
1812,0.4999999999999999,1.9,0.5230769230769231,1.61
1813,0.6617647058823528,2.02,0.6307692307692309,1.68
1814,0.6470588235294117,1.61,0.6461538461538462,1.66
1815,0.7058823529411764,1.02,0.6461538461538462,1.54
1816,0.4999999999999999,1.73,0.4461538461538461,2.11
1817,0.7352941176470587,0.92,0.676923076923077,1.1
1818,0.3970588235294117,1.79,0.24615384615384617,1.33
1819,0.3676470588235293,1.14,0.3846153846153846,0.94
1820,0.42647058823529405,1.2,0.4307692307692308,1.2
1821,0.676470588235294,1.33,0.7692307692307692,1.11
1822,0.4558823529411764,1.62,0.2923076923076924,1.28
1823,0.16176470588235295,1.19,0.6153846153846154,2.01
1824,0.676470588235294,0.75,0.6307692307692309,1.0
1825,0.47058823529411753,1.47,0.4461538461538461,1.36
1826,0.514705882352941,1.22,0.32307692307692315,1.42
1827,0.588235294117647,1.69,0.7846153846153847,1.49
1828,0.6176470588235293,1.6,0.7692307692307692,1.69
1829,0.47058823529411753,1.72,0.3076923076923077,1.62
1830,0.6029411764705882,1.0,0.5692307692307692,1.27
1831,0.676470588235294,0.98,0.6153846153846154,1.5
1832,0.6029411764705882,1.73,0.5538461538461539,1.89
1833,0.42647058823529405,1.43,0.24615384615384617,0.75
1834,0.6911764705882352,1.42,0.6307692307692309,1.73
1835,0.5441176470588235,1.0,0.24615384615384617,0.87
1836,0.588235294117647,1.69,0.46153846153846156,1.11
1837,0.38235294117647056,1.78,0.2,1.58
1838,0.44117647058823517,1.69,0.5230769230769231,2.1
1839,0.6470588235294117,1.67,0.6307692307692309,1.73
1840,0.47058823529411753,1.89,0.5846153846153846,1.91
1841,0.44117647058823517,1.8,0.23076923076923078,1.58
1842,0.6176470588235293,1.72,0.7230769230769231,1.35
1843,0.4852941176470589,1.37,0.476923076923077,1.27
1844,0.6617647058823528,1.76,0.6000000000000001,2.06
1845,0.6323529411764706,1.37,0.6615384615384616,1.45
1846,0.6176470588235293,1.6,0.6461538461538462,1.6
1847,0.2352941176470588,1.17,0.15384615384615385,0.92
1848,0.5735294117647058,1.69,0.5230769230769231,1.79
1849,0.6470588235294117,0.89,0.6461538461538462,1.08
1850,0.3088235294117647,1.55,0.16923076923076924,1.27
1851,0.44117647058823517,1.69,0.2615384615384615,1.9
1852,0.3676470588235293,1.51,0.476923076923077,2.1
1853,0.7205882352941175,0.81,0.6307692307692309,1.27
1854,0.5294117647058824,1.25,0.4461538461538461,1.28
1855,0.5588235294117647,1.56,0.676923076923077,1.34
1856,0.6617647058823528,1.76,0.7846153846153847,1.85
1857,0.5441176470588235,1.27,0.5230769230769231,1.0
1858,0.5294117647058824,1.33,0.6153846153846154,1.56
1859,0.5294117647058824,1.47,0.5230769230769231,1.55
1860,0.3088235294117647,0.78,0.2923076923076924,0.81
1861,0.514705882352941,1.3,0.5230769230769231,1.48
1862,0.514705882352941,1.45,0.5076923076923078,1.87
1863,0.7058823529411764,1.43,0.6307692307692309,1.85
1864,0.6617647058823528,1.58,0.8923076923076925,1.8
1865,0.764705882352941,0.75,0.6615384615384616,1.51
1866,0.47058823529411753,1.4,0.4461538461538461,1.43
1867,0.38235294117647056,1.54,0.36923076923076925,1.73
1868,0.6176470588235293,1.4,0.5230769230769231,1.61
1869,0.3676470588235293,1.51,0.32307692307692315,1.55
1870,0.5588235294117647,1.2,0.6153846153846154,1.28
1871,0.7058823529411764,1.11,0.7692307692307692,1.36
1872,0.42647058823529405,1.36,0.4,1.4
1873,0.4558823529411764,1.62,0.27692307692307694,1.43
1874,0.4999999999999999,1.67,0.7230769230769231,1.49
1875,0.6911764705882352,1.19,0.7076923076923077,1.47
1876,0.6911764705882352,1.35,0.5230769230769231,1.79
1877,0.676470588235294,1.66,0.6000000000000001,1.5
1878,0.7499999999999999,0.78,0.7230769230769231,1.0
1879,0.5588235294117647,2.24,0.7384615384615385,2.2
1880,0.5588235294117647,1.36,0.24615384615384617,1.4
1881,0.4999999999999999,1.1,0.5538461538461539,1.25
1882,0.5735294117647058,1.5,0.7076923076923077,1.66
1883,0.588235294117647,0.8,0.4461538461538461,1.12
1884,0.7205882352941175,0.81,0.6153846153846154,1.36
1885,0.33823529411764697,2.17,0.3538461538461538,1.97
1886,0.3676470588235293,1.3,0.2153846153846154,1.18
1887,0.6470588235294117,1.41,0.6461538461538462,1.4
1888,0.2647058823529411,1.5,0.24615384615384617,1.78
1889,0.588235294117647,1.91,0.6000000000000001,1.96
1890,0.6470588235294117,1.61,0.6461538461538462,1.17
1891,0.4999999999999999,1.18,0.2923076923076924,1.2
1892,0.514705882352941,2.07,0.6923076923076923,1.04
1893,0.6911764705882352,1.19,0.7076923076923077,1.08
1894,0.47058823529411753,0.75,0.49230769230769234,0.87
1895,0.7205882352941175,0.67,0.6615384615384616,0.94
1896,0.4852941176470589,2.02,0.07692307692307693,0.94
1897,0.38235294117647056,1.33,0.3384615384615385,1.66
1898,0.514705882352941,0.94,0.4,1.17
1899,0.4999999999999999,2.19,0.3846153846153846,1.76
1900,0.7205882352941175,1.12,0.7846153846153847,1.19
1901,0.5294117647058824,1.66,0.7384615384615385,1.28
1902,0.4117647058823529,2.37,0.8769230769230769,1.49
1903,0.2352941176470588,2.36,0.8153846153846154,1.76
1904,0.3676470588235293,0.94,0.27692307692307694,1.02
1905,0.3088235294117647,2.0,0.7538461538461538,1.5
1906,0.4117647058823529,1.69,0.7076923076923077,1.47
1907,0.4852941176470589,1.64,0.7538461538461538,1.43
1908,0.5294117647058824,2.18,0.5384615384615384,1.76
1909,0.4852941176470589,1.7,0.5230769230769231,1.73
1910,0.32352941176470584,1.6,0.2615384615384615,1.35
1911,0.3970588235294117,1.95,0.5846153846153846,2.11
1912,0.5588235294117647,1.2,0.6000000000000001,1.12
1913,0.6470588235294117,1.48,0.7538461538461538,1.63
1914,0.5441176470588235,2.1,0.7230769230769231,1.35
1915,0.6911764705882352,1.27,0.7538461538461538,1.2
1916,0.5588235294117647,1.5,0.7230769230769231,1.49
1917,0.3676470588235293,1.04,0.46153846153846156,1.02
1918,0.2647058823529411,1.5,0.46153846153846156,1.69
1919,0.42647058823529405,1.86,0.5846153846153846,1.96
1920,0.6029411764705882,2.15,0.7384615384615385,1.96
1921,0.4117647058823529,2.06,0.7538461538461538,2.2
1922,0.588235294117647,1.85,0.6461538461538462,1.6
1923,0.7058823529411764,1.28,0.7076923076923077,1.54
1924,0.5441176470588235,2.1,0.6307692307692309,2.0
1925,0.4852941176470589,1.51,0.4461538461538461,1.57
1926,0.5294117647058824,1.99,0.6923076923076923,1.92
1927,0.588235294117647,1.28,0.46153846153846156,1.28
1928,0.3088235294117647,1.35,0.6153846153846154,1.02
1929,0.514705882352941,1.37,0.7846153846153847,1.1
1930,0.44117647058823517,1.43,0.36923076923076925,1.1
1931,0.4558823529411764,1.27,0.6000000000000001,1.43
1932,0.47058823529411753,1.6,0.676923076923077,1.73
1933,0.5294117647058824,1.66,0.8307692307692309,1.41
1934,0.6176470588235293,1.78,0.3384615384615385,1.33
1935,0.4558823529411764,1.73,0.4307692307692308,1.69
1936,0.19117647058823525,1.3,0.2153846153846154,1.9
1937,0.3970588235294117,1.35,0.3538461538461538,1.51
1938,0.588235294117647,1.74,0.8307692307692309,1.48
1939,0.4117647058823529,1.11,0.24615384615384617,1.25
1940,0.514705882352941,1.51,0.6153846153846154,0.92
1941,0.5294117647058824,1.33,0.4307692307692308,1.56
1942,0.7058823529411764,1.8,0.8,1.6
1943,0.38235294117647056,0.98,0.4307692307692308,1.02
1944,0.6617647058823528,1.92,0.5384615384615384,1.58
1945,0.6470588235294117,1.55,0.6923076923076923,1.58
1946,0.3529411764705882,2.19,0.676923076923077,1.9
1947,0.4999999999999999,2.19,0.8923076923076925,1.28
1948,0.3529411764705882,2.45,0.7846153846153847,1.79
1949,0.08823529411764705,1.54,0.5384615384615384,2.59
1950,0.32352941176470584,1.99,0.27692307692307694,2.11
1951,0.44117647058823517,1.5,0.36923076923076925,1.26
1952,0.3676470588235293,0.94,0.4307692307692308,0.8
1953,0.514705882352941,1.37,0.4307692307692308,1.36
1954,0.7499999999999999,0.64,0.6307692307692309,1.1
1955,0.5735294117647058,1.63,0.7538461538461538,1.57
1956,0.5588235294117647,1.11,0.6615384615384616,1.7
1957,0.47058823529411753,1.33,0.49230769230769234,1.17
1958,0.47058823529411753,1.25,0.5384615384615384,1.7
1959,0.4558823529411764,1.85,0.6461538461538462,1.4
1960,0.42647058823529405,1.96,0.7846153846153847,1.79
1961,0.6323529411764706,0.54,0.5692307692307692,1.1
1962,0.4117647058823529,1.43,0.5230769230769231,1.61
1963,0.33823529411764697,2.3,0.6000000000000001,2.11
1964,0.2941176470588235,2.2,0.7846153846153847,1.95
1965,0.24999999999999992,1.35,0.2923076923076924,1.5
1966,0.2941176470588235,1.2,0.5230769230769231,1.73
1967,0.4558823529411764,2.9,0.8153846153846154,1.97
1968,0.44117647058823517,1.84,0.7046153846153846,1.13
1969,0.3088235294117647,2.24,0.6307692307692309,2.49
1970,0.6323529411764706,1.37,0.8461538461538463,1.51
1971,0.5735294117647058,1.75,0.6000000000000001,1.57
1972,0.6470588235294117,1.55,0.6615384615384616,1.45
1973,0.3970588235294117,1.49,0.41538461538461535,1.19
1974,0.2647058823529411,1.11,0.476923076923077,1.85
1975,0.4558823529411764,1.55,0.6153846153846154,1.62
1976,0.4852941176470589,1.64,0.5846153846153846,1.43
1977,0.4558823529411764,1.85,0.5538461538461539,1.78
1978,0.7205882352941175,1.02,0.7538461538461538,0.92
1979,0.5735294117647058,2.29,0.8615384615384616,1.33
1980,0.5735294117647058,1.43,0.5846153846153846,1.36
1981,0.514705882352941,1.92,0.6461538461538462,2.18
1982,0.42647058823529405,1.28,0.4461538461538461,1.43
1983,0.19117647058823525,1.51,0.27692307692307694,1.11
1984,0.3088235294117647,1.35,0.2,1.37
1985,0.47058823529411753,1.89,0.6153846153846154,1.69
1986,0.3529411764705882,2.05,0.5384615384615384,2.07
1987,0.7205882352941175,1.12,0.7230769230769231,1.42
1988,0.5735294117647058,1.43,0.6461538461538462,1.4
1989,0.4999999999999999,1.84,0.6307692307692309,1.27
1990,0.38235294117647056,1.66,0.3846153846153846,1.81
1991,0.4999999999999999,2.1,0.676923076923077,1.41
1992,0.4852941176470589,2.26,0.8,2.09
1993,0.27941176470588236,2.38,0.8307692307692309,1.1
1994,0.32352941176470584,0.87,0.2923076923076924,1.12
1995,0.4558823529411764,1.73,0.476923076923077,1.1
1996,0.33823529411764697,1.87,0.6615384615384616,2.21
1997,0.5441176470588235,1.42,0.3538461538461538,1.14
1998,0.7058823529411764,1.5,0.7076923076923077,1.6
1999,0.44117647058823517,2.11,0.5846153846153846,1.8
2000,0.6176470588235293,1.78,0.676923076923077,1.67
2001,0.2352941176470588,0.98,0.7692307692307692,0.8
2002,0.7058823529411764,0.49,0.5538461538461539,1.17
2003,0.5588235294117647,1.5,0.46153846153846156,1.85
2004,0.4999999999999999,1.1,0.49230769230769234,1.6
2005,0.32352941176470584,1.17,0.5538461538461539,0.75
2006,0.4999999999999999,0.89,0.24615384615384617,1.17
2007,0.2647058823529411,0.49,0.4307692307692308,1.36
2008,0.588235294117647,1.02,0.3076923076923077,1.74
2009,0.5294117647058824,0.98,0.4,1.94
2010,0.6470588235294117,0.89,0.49230769230769234,1.6
2011,0.38235294117647056,1.6,0.5230769230769231,1.41
2012,0.2308823529411764,0.69,0.5492307692307693,1.67
2013,0.5588235294117647,0.49,0.6153846153846154,1.02
2014,0.20588235294117643,0.63,0.7692307692307692,0.8
2015,0.7352941176470587,0.8,0.5846153846153846,1.2
2016,0.8235294117647057,0.4,0.6153846153846154,2.24
2017,0.7455882352941176,0.47,0.7538461538461538,0.76
2018,0.7205882352941175,0.5,0.7276923076923077,0.75
2019,0.764705882352941,0.4,0.8,0.75
2020,0.764705882352941,0.4,0.6461538461538462,0.4
2021,0.38235294117647056,1.47,0.4307692307692308,1.96
2022,0.32352941176470584,0.75,0.4307692307692308,1.36
2023,0.588235294117647,1.02,0.2153846153846154,1.26
2024,0.7058823529411764,0.8,0.4307692307692308,2.33
2025,0.6470588235294117,1.41,0.49230769230769234,2.32
2026,0.588235294117647,1.02,0.36923076923076925,1.9
2027,0.6176470588235293,0.98,0.5846153846153846,1.36
2028,0.2647058823529411,0.49,0.7076923076923077,1.17
2029,0.3779411764705882,1.07,0.36923076923076925,1.29
2030,0.38235294117647056,1.47,0.7076923076923077,0.75
2031,0.44117647058823517,1.2,0.27692307692307694,1.62
2032,0.5294117647058824,0.75,0.4307692307692308,1.5
2033,0.2308823529411764,0.37,0.8046153846153847,0.69
2034,0.676470588235294,1.33,0.46153846153846156,1.74
2035,0.2647058823529411,0.8,0.46153846153846156,0.8
2036,0.3279411764705882,1.07,0.4723076923076923,1.8
2037,0.7058823529411764,0.49,0.4307692307692308,1.2
2038,0.3529411764705882,1.41,0.3384615384615385,1.6
2039,0.5588235294117647,1.2,0.46153846153846156,1.62
2040,0.2941176470588235,1.85,0.8307692307692309,0.63
2041,0.4117647058823529,1.74,0.2153846153846154,1.1
2042,0.47058823529411753,0.75,0.46153846153846156,1.36
2043,0.588235294117647,1.02,0.4307692307692308,1.36
2044,0.7058823529411764,0.49,0.5538461538461539,1.47
2045,0.47058823529411753,1.17,0.24615384615384617,1.17
2046,0.5735294117647058,0.96,0.5492307692307693,1.57
2047,0.676470588235294,0.4,0.5230769230769231,1.26
2048,0.676470588235294,0.75,0.3076923076923077,1.5
2049,0.4117647058823529,1.02,0.3384615384615385,1.17
2050,0.4117647058823529,0.8,0.3076923076923077,1.02
2051,0.2352941176470588,0.4,0.46153846153846156,1.36
2052,0.2352941176470588,0.4,0.5538461538461539,1.6
2053,0.32352941176470584,0.4,0.3384615384615385,1.83
2054,0.5588235294117647,1.2,0.3076923076923077,1.36
2055,0.4999999999999999,1.41,0.5538461538461539,1.47
2056,0.4999999999999999,1.41,0.46153846153846156,1.74
2057,0.2308823529411764,1.07,0.8046153846153847,0.37
2058,0.32352941176470584,0.75,0.6461538461538462,1.17
